1;001;BAGUA;BAGUA;010205;BAGUA;010201;AMAZONAS;BAGUA;LA PECA;5;7;25;6724;0;6724;CON
2;001;BAGUA;BAGUA;010205;BAGUA;010202;AMAZONAS;BAGUA;ARAMANGO;5;8;35;9461;0;9461;CON
3;001;BAGUA;BAGUA;010205;BAGUA;010203;AMAZONAS;BAGUA;COPALLIN;0;2;16;4559;0;4559;CON
4;001;BAGUA;BAGUA;010205;BAGUA;010204;AMAZONAS;BAGUA;EL PARCO;0;2;6;1572;0;1572;CON
5;001;BAGUA;BAGUA;010205;BAGUA;010205;AMAZONAS;BAGUA;BAGUA;1;6;72;21231;0;21231;CON
6;001;BAGUA;BAGUA;010205;BAGUA;010206;AMAZONAS;BAGUA;IMAZA;14;20;96;27053;0;27053;CON
7;001;BAGUA;BAGUA;010205;BAGUA;010601;AMAZONAS;CONDORCANQUI;NIEVA;9;14;85;24232;0;24232;CON
8;001;BAGUA;BAGUA;010205;BAGUA;010602;AMAZONAS;CONDORCANQUI;RIO SANTIAGO;10;13;47;12614;0;12614;CON
9;001;BAGUA;BAGUA;010205;BAGUA;010603;AMAZONAS;CONDORCANQUI;EL CENEPA;9;11;42;11399;0;11399;CON
10;001;BAGUA;BAGUA;010205;BAGUA;010701;AMAZONAS;UTCUBAMBA;BAGUA GRANDE;10;20;151;42900;0;42900;CON
11;001;BAGUA;BAGUA;010205;BAGUA;010702;AMAZONAS;UTCUBAMBA;CAJARURO;6;14;76;21920;0;21920;CON
12;001;BAGUA;BAGUA;010205;BAGUA;010703;AMAZONAS;UTCUBAMBA;CUMBA;3;5;26;7241;0;7241;CON
13;001;BAGUA;BAGUA;010205;BAGUA;010704;AMAZONAS;UTCUBAMBA;EL MILAGRO;2;5;19;5437;0;5437;CON
14;001;BAGUA;BAGUA;010205;BAGUA;010705;AMAZONAS;UTCUBAMBA;JAMALCA;1;4;21;6054;0;6054;CON
15;001;BAGUA;BAGUA;010205;BAGUA;010706;AMAZONAS;UTCUBAMBA;LONYA GRANDE;2;5;28;8321;0;8321;CON
16;001;BAGUA;BAGUA;010205;BAGUA;010707;AMAZONAS;UTCUBAMBA;YAMON;3;5;12;3102;0;3102;CON
17;002;BONGARA;JAZAN;010312;JAZAN;010301;AMAZONAS;BONGARA;JUMBILLA;0;1;3;855;0;855;CON
18;002;BONGARA;JAZAN;010312;JAZAN;010302;AMAZONAS;BONGARA;COROSHA;0;1;3;691;0;691;CON
19;002;BONGARA;JAZAN;010312;JAZAN;010303;AMAZONAS;BONGARA;CUISPES;0;1;3;839;0;839;CON
20;002;BONGARA;JAZAN;010312;JAZAN;010304;AMAZONAS;BONGARA;CHISQUILLA;0;1;2;449;0;449;CON
21;002;BONGARA;JAZAN;010312;JAZAN;010305;AMAZONAS;BONGARA;CHURUJA;0;1;2;343;0;343;CON
22;002;BONGARA;JAZAN;010312;JAZAN;010306;AMAZONAS;BONGARA;FLORIDA;0;1;17;4957;0;4957;CON
23;002;BONGARA;JAZAN;010312;JAZAN;010307;AMAZONAS;BONGARA;RECTA;0;1;2;343;0;343;CON
24;002;BONGARA;JAZAN;010312;JAZAN;010308;AMAZONAS;BONGARA;SAN CARLOS;0;1;3;603;0;603;CON
25;002;BONGARA;JAZAN;010312;JAZAN;010309;AMAZONAS;BONGARA;SHIPASBAMBA;0;1;6;1527;0;1527;CON
26;002;BONGARA;JAZAN;010312;JAZAN;010310;AMAZONAS;BONGARA;VALERA;0;1;4;1050;0;1050;CON
27;002;BONGARA;JAZAN;010312;JAZAN;010311;AMAZONAS;BONGARA;YAMBRASBAMBA;3;6;19;4995;0;4995;CON
28;002;BONGARA;JAZAN;010312;JAZAN;010312;AMAZONAS;BONGARA;JAZAN;2;3;21;5722;0;5722;CON
29;003;CHACHAPOYAS;CHACHAPOYAS;010101;CHACHAPOYAS;010101;AMAZONAS;CHACHAPOYAS;CHACHAPOYAS;0;8;75;22136;0;22136;CON
30;003;CHACHAPOYAS;CHACHAPOYAS;010101;CHACHAPOYAS;010102;AMAZONAS;CHACHAPOYAS;ASUNCION;0;1;2;310;0;310;CON
31;003;CHACHAPOYAS;CHACHAPOYAS;010101;CHACHAPOYAS;010103;AMAZONAS;CHACHAPOYAS;BALSAS;0;1;5;1230;0;1230;CON
32;003;CHACHAPOYAS;CHACHAPOYAS;010101;CHACHAPOYAS;010104;AMAZONAS;CHACHAPOYAS;CHETO;0;1;3;698;0;698;CON
33;003;CHACHAPOYAS;CHACHAPOYAS;010101;CHACHAPOYAS;010105;AMAZONAS;CHACHAPOYAS;CHILIQUIN;0;1;4;1030;0;1030;CON
34;003;CHACHAPOYAS;CHACHAPOYAS;010101;CHACHAPOYAS;010106;AMAZONAS;CHACHAPOYAS;CHUQUIBAMBA;2;4;8;1781;0;1781;CON
35;003;CHACHAPOYAS;CHACHAPOYAS;010101;CHACHAPOYAS;010107;AMAZONAS;CHACHAPOYAS;GRANADA;0;1;2;581;0;581;CON
36;003;CHACHAPOYAS;CHACHAPOYAS;010101;CHACHAPOYAS;010108;AMAZONAS;CHACHAPOYAS;HUANCAS;0;1;3;849;0;849;CON
37;003;CHACHAPOYAS;CHACHAPOYAS;010101;CHACHAPOYAS;010109;AMAZONAS;CHACHAPOYAS;LA JALCA;2;4;17;4368;0;4368;CON
38;003;CHACHAPOYAS;CHACHAPOYAS;010101;CHACHAPOYAS;010110;AMAZONAS;CHACHAPOYAS;LEIMEBAMBA;0;2;10;2897;0;2897;CON
39;003;CHACHAPOYAS;CHACHAPOYAS;010101;CHACHAPOYAS;010111;AMAZONAS;CHACHAPOYAS;LEVANTO;0;1;4;1081;0;1081;CON
40;003;CHACHAPOYAS;CHACHAPOYAS;010101;CHACHAPOYAS;010112;AMAZONAS;CHACHAPOYAS;MAGDALENA;0;1;3;810;0;810;CON
41;003;CHACHAPOYAS;CHACHAPOYAS;010101;CHACHAPOYAS;010113;AMAZONAS;CHACHAPOYAS;MARISCAL CASTILLA;0;1;4;901;0;901;CON
42;003;CHACHAPOYAS;CHACHAPOYAS;010101;CHACHAPOYAS;010114;AMAZONAS;CHACHAPOYAS;MOLINOPAMPA;0;2;8;2279;0;2279;CON
43;003;CHACHAPOYAS;CHACHAPOYAS;010101;CHACHAPOYAS;010115;AMAZONAS;CHACHAPOYAS;MONTEVIDEO;0;1;3;673;0;673;CON
44;003;CHACHAPOYAS;CHACHAPOYAS;010101;CHACHAPOYAS;010116;AMAZONAS;CHACHAPOYAS;OLLEROS;0;1;2;438;0;438;CON
45;003;CHACHAPOYAS;CHACHAPOYAS;010101;CHACHAPOYAS;010117;AMAZONAS;CHACHAPOYAS;QUINJALCA;0;1;3;877;0;877;CON
46;003;CHACHAPOYAS;CHACHAPOYAS;010101;CHACHAPOYAS;010118;AMAZONAS;CHACHAPOYAS;SAN FRANCISCO DE DAGUAS;0;1;2;357;1;358;CON
47;003;CHACHAPOYAS;CHACHAPOYAS;010101;CHACHAPOYAS;010119;AMAZONAS;CHACHAPOYAS;SAN ISIDRO DE MAINO;0;1;3;673;0;673;CON
48;003;CHACHAPOYAS;CHACHAPOYAS;010101;CHACHAPOYAS;010120;AMAZONAS;CHACHAPOYAS;SOLOCO;0;2;6;1513;0;1513;CON
49;003;CHACHAPOYAS;CHACHAPOYAS;010101;CHACHAPOYAS;010121;AMAZONAS;CHACHAPOYAS;SONCHE;0;1;2;364;0;364;CON
50;003;CHACHAPOYAS;CHACHAPOYAS;010101;CHACHAPOYAS;010401;AMAZONAS;LUYA;LAMUD;0;1;6;1742;0;1742;CON
51;003;CHACHAPOYAS;CHACHAPOYAS;010101;CHACHAPOYAS;010402;AMAZONAS;LUYA;CAMPORREDONDO;2;4;20;5384;0;5384;CON
52;003;CHACHAPOYAS;CHACHAPOYAS;010101;CHACHAPOYAS;010403;AMAZONAS;LUYA;COCABAMBA;1;3;7;1558;0;1558;CON
53;003;CHACHAPOYAS;CHACHAPOYAS;010101;CHACHAPOYAS;010404;AMAZONAS;LUYA;COLCAMAR;0;1;7;1875;0;1875;CON
54;003;CHACHAPOYAS;CHACHAPOYAS;010101;CHACHAPOYAS;010405;AMAZONAS;LUYA;CONILA;0;1;6;1665;0;1665;CON
55;003;CHACHAPOYAS;CHACHAPOYAS;010101;CHACHAPOYAS;010406;AMAZONAS;LUYA;INGUILPATA;0;1;3;657;0;657;CON
56;003;CHACHAPOYAS;CHACHAPOYAS;010101;CHACHAPOYAS;010407;AMAZONAS;LUYA;LONGUITA;0;1;3;840;0;840;CON
57;003;CHACHAPOYAS;CHACHAPOYAS;010101;CHACHAPOYAS;010408;AMAZONAS;LUYA;LONYA CHICO;0;1;3;882;0;882;CON
58;003;CHACHAPOYAS;CHACHAPOYAS;010101;CHACHAPOYAS;010409;AMAZONAS;LUYA;LUYA;1;2;12;3252;0;3252;CON
59;003;CHACHAPOYAS;CHACHAPOYAS;010101;CHACHAPOYAS;010410;AMAZONAS;LUYA;LUYA VIEJO;0;1;2;411;0;411;CON
60;003;CHACHAPOYAS;CHACHAPOYAS;010101;CHACHAPOYAS;010411;AMAZONAS;LUYA;MARIA;0;1;3;829;0;829;CON
61;003;CHACHAPOYAS;CHACHAPOYAS;010101;CHACHAPOYAS;010412;AMAZONAS;LUYA;OCALLI;0;2;10;2989;0;2989;CON
62;003;CHACHAPOYAS;CHACHAPOYAS;010101;CHACHAPOYAS;010413;AMAZONAS;LUYA;OCUMAL;1;3;11;3002;0;3002;CON
63;003;CHACHAPOYAS;CHACHAPOYAS;010101;CHACHAPOYAS;010414;AMAZONAS;LUYA;PISUQUIA;4;6;18;4194;0;4194;CON
64;003;CHACHAPOYAS;CHACHAPOYAS;010101;CHACHAPOYAS;010415;AMAZONAS;LUYA;SAN CRISTOBAL;0;1;3;631;0;631;CON
65;003;CHACHAPOYAS;CHACHAPOYAS;010101;CHACHAPOYAS;010416;AMAZONAS;LUYA;SAN FRANCISCO DEL YESO;0;1;3;633;0;633;CON
66;003;CHACHAPOYAS;CHACHAPOYAS;010101;CHACHAPOYAS;010417;AMAZONAS;LUYA;SAN JERONIMO;0;1;4;1067;0;1067;CON
67;003;CHACHAPOYAS;CHACHAPOYAS;010101;CHACHAPOYAS;010418;AMAZONAS;LUYA;SAN JUAN DE LOPECANCHA;0;1;2;526;0;526;CON
68;003;CHACHAPOYAS;CHACHAPOYAS;010101;CHACHAPOYAS;010419;AMAZONAS;LUYA;SANTA CATALINA;1;2;7;1795;0;1795;CON
69;003;CHACHAPOYAS;CHACHAPOYAS;010101;CHACHAPOYAS;010420;AMAZONAS;LUYA;SANTO TOMAS;2;3;11;2742;0;2742;CON
70;003;CHACHAPOYAS;CHACHAPOYAS;010101;CHACHAPOYAS;010421;AMAZONAS;LUYA;TINGO;0;1;5;1405;0;1405;CON
71;003;CHACHAPOYAS;CHACHAPOYAS;010101;CHACHAPOYAS;010422;AMAZONAS;LUYA;TRITA;0;1;4;1152;0;1152;CON
72;003;CHACHAPOYAS;CHACHAPOYAS;010101;CHACHAPOYAS;010423;AMAZONAS;LUYA;PROVIDENCIA;0;1;5;1337;0;1337;CON
73;003;CHACHAPOYAS;CHACHAPOYAS;010101;CHACHAPOYAS;010501;AMAZONAS;RODRIGUEZ DE MENDOZA;SAN NICOLAS;0;3;15;4270;0;4270;CON
74;003;CHACHAPOYAS;CHACHAPOYAS;010101;CHACHAPOYAS;010502;AMAZONAS;RODRIGUEZ DE MENDOZA;COCHAMAL;0;1;3;761;0;761;CON
75;003;CHACHAPOYAS;CHACHAPOYAS;010101;CHACHAPOYAS;010503;AMAZONAS;RODRIGUEZ DE MENDOZA;CHIRIMOTO;1;2;8;2082;0;2082;CON
76;003;CHACHAPOYAS;CHACHAPOYAS;010101;CHACHAPOYAS;010504;AMAZONAS;RODRIGUEZ DE MENDOZA;HUAMBO;0;1;9;2500;0;2500;CON
77;003;CHACHAPOYAS;CHACHAPOYAS;010101;CHACHAPOYAS;010505;AMAZONAS;RODRIGUEZ DE MENDOZA;LIMABAMBA;0;1;5;1493;0;1493;CON
78;003;CHACHAPOYAS;CHACHAPOYAS;010101;CHACHAPOYAS;010506;AMAZONAS;RODRIGUEZ DE MENDOZA;LONGAR;0;1;6;1571;0;1571;CON
79;003;CHACHAPOYAS;CHACHAPOYAS;010101;CHACHAPOYAS;010507;AMAZONAS;RODRIGUEZ DE MENDOZA;MILPUCC;0;1;3;698;0;698;CON
80;003;CHACHAPOYAS;CHACHAPOYAS;010101;CHACHAPOYAS;010508;AMAZONAS;RODRIGUEZ DE MENDOZA;MARISCAL BENAVIDES;0;2;6;1704;0;1704;CON
81;003;CHACHAPOYAS;CHACHAPOYAS;010101;CHACHAPOYAS;010509;AMAZONAS;RODRIGUEZ DE MENDOZA;OMIA;5;7;28;7666;0;7666;CON
82;003;CHACHAPOYAS;CHACHAPOYAS;010101;CHACHAPOYAS;010510;AMAZONAS;RODRIGUEZ DE MENDOZA;SANTA ROSA;0;1;2;595;0;595;CON
83;003;CHACHAPOYAS;CHACHAPOYAS;010101;CHACHAPOYAS;010511;AMAZONAS;RODRIGUEZ DE MENDOZA;TOTORA;0;1;2;494;1;495;CON
84;003;CHACHAPOYAS;CHACHAPOYAS;010101;CHACHAPOYAS;010512;AMAZONAS;RODRIGUEZ DE MENDOZA;VISTA ALEGRE;4;5;10;2416;0;2416;CON
85;004;HUARMEY;HUARMEY;021901;HUARMEY;020501;ANCASH;CASMA;CASMA;0;5;95;27969;1;27970;CON
86;004;HUARMEY;HUARMEY;021901;HUARMEY;020502;ANCASH;CASMA;BUENA VISTA ALTA;1;2;15;4271;0;4271;CON
87;004;HUARMEY;HUARMEY;021901;HUARMEY;020503;ANCASH;CASMA;COMANDANTE NOEL;0;1;9;2525;0;2525;CON
88;004;HUARMEY;HUARMEY;021901;HUARMEY;020505;ANCASH;CASMA;YAUTAN;1;3;24;6867;0;6867;CON
89;004;HUARMEY;HUARMEY;021901;HUARMEY;021901;ANCASH;HUARMEY;HUARMEY;0;5;73;21643;0;21643;CON
90;004;HUARMEY;HUARMEY;021901;HUARMEY;021902;ANCASH;HUARMEY;COCHAPETI;1;2;4;1068;0;1068;CON
91;004;HUARMEY;HUARMEY;021901;HUARMEY;021903;ANCASH;HUARMEY;HUAYAN;1;2;4;884;0;884;CON
92;004;HUARMEY;HUARMEY;021901;HUARMEY;021904;ANCASH;HUARMEY;MALVAS;1;2;5;995;0;995;CON
93;004;HUARMEY;HUARMEY;021901;HUARMEY;021905;ANCASH;HUARMEY;CULEBRAS;0;1;8;2332;0;2332;CON
94;004;HUARMEY;HUARMEY;021901;HUARMEY;022001;ANCASH;OCROS;ACAS;1;2;3;473;0;473;CON
95;004;HUARMEY;HUARMEY;021901;HUARMEY;022002;ANCASH;OCROS;CAJAMARQUILLA;0;1;1;179;0;179;CON
96;004;HUARMEY;HUARMEY;021901;HUARMEY;022003;ANCASH;OCROS;CARHUAPAMPA;0;1;2;528;0;528;CON
97;004;HUARMEY;HUARMEY;021901;HUARMEY;022004;ANCASH;OCROS;COCHAS;2;3;6;1426;0;1426;CON
98;004;HUARMEY;HUARMEY;021901;HUARMEY;022005;ANCASH;OCROS;CONGAS;0;1;4;962;0;962;CON
99;004;HUARMEY;HUARMEY;021901;HUARMEY;022006;ANCASH;OCROS;LLIPA;0;1;1;246;0;246;CON
100;004;HUARMEY;HUARMEY;021901;HUARMEY;022007;ANCASH;OCROS;OCROS;0;1;4;926;0;926;CON
101;004;HUARMEY;HUARMEY;021901;HUARMEY;022008;ANCASH;OCROS;SAN CRISTOBAL DE RAJAN;0;1;3;619;0;619;CON
102;004;HUARMEY;HUARMEY;021901;HUARMEY;022009;ANCASH;OCROS;SAN PEDRO;1;2;4;1063;0;1063;CON
103;004;HUARMEY;HUARMEY;021901;HUARMEY;022010;ANCASH;OCROS;SANTIAGO DE CHILCAS;0;1;2;363;0;363;CON
104;005;HUARAZ;INDEPENDENCIA;020102;INDEPENDENCIA;020101;ANCASH;HUARAZ;HUARAZ;4;12;171;50477;0;50477;CON
105;005;HUARAZ;INDEPENDENCIA;020102;INDEPENDENCIA;020102;ANCASH;HUARAZ;INDEPENDENCIA;8;17;186;54270;0;54270;CON
106;005;HUARAZ;INDEPENDENCIA;020102;INDEPENDENCIA;020103;ANCASH;HUARAZ;COCHABAMBA;1;2;7;1787;0;1787;CON
107;005;HUARAZ;INDEPENDENCIA;020102;INDEPENDENCIA;020104;ANCASH;HUARAZ;COLCABAMBA;0;1;2;307;0;307;CON
108;005;HUARAZ;INDEPENDENCIA;020102;INDEPENDENCIA;020105;ANCASH;HUARAZ;HUANCHAY;1;2;8;1886;0;1886;CON
109;005;HUARAZ;INDEPENDENCIA;020102;INDEPENDENCIA;020106;ANCASH;HUARAZ;JANGAS;2;3;16;4553;0;4553;CON
110;005;HUARAZ;INDEPENDENCIA;020102;INDEPENDENCIA;020107;ANCASH;HUARAZ;LA LIBERTAD;0;1;5;1400;0;1400;CON
111;005;HUARAZ;INDEPENDENCIA;020102;INDEPENDENCIA;020108;ANCASH;HUARAZ;OLLEROS;0;2;10;2826;0;2826;CON
112;005;HUARAZ;INDEPENDENCIA;020102;INDEPENDENCIA;020109;ANCASH;HUARAZ;PAMPAS GRANDE;1;2;5;1223;0;1223;CON
113;005;HUARAZ;INDEPENDENCIA;020102;INDEPENDENCIA;020110;ANCASH;HUARAZ;PARIACOTO;1;3;16;4334;0;4334;CON
114;005;HUARAZ;INDEPENDENCIA;020102;INDEPENDENCIA;020111;ANCASH;HUARAZ;PIRA;4;6;16;4086;0;4086;CON
115;005;HUARAZ;INDEPENDENCIA;020102;INDEPENDENCIA;020112;ANCASH;HUARAZ;TARICA;3;5;21;5520;0;5520;CON
116;005;HUARAZ;INDEPENDENCIA;020102;INDEPENDENCIA;020401;ANCASH;CARHUAZ;CARHUAZ;3;5;43;12493;0;12493;CON
117;005;HUARAZ;INDEPENDENCIA;020102;INDEPENDENCIA;020402;ANCASH;CARHUAZ;ACOPAMPA;0;1;8;2277;0;2277;CON
118;005;HUARAZ;INDEPENDENCIA;020102;INDEPENDENCIA;020403;ANCASH;CARHUAZ;AMASHCA;0;1;6;1681;0;1681;CON
119;005;HUARAZ;INDEPENDENCIA;020102;INDEPENDENCIA;020404;ANCASH;CARHUAZ;ANTA;0;1;8;2330;0;2330;CON
120;005;HUARAZ;INDEPENDENCIA;020102;INDEPENDENCIA;020405;ANCASH;CARHUAZ;ATAQUERO;0;2;6;1649;0;1649;CON
121;005;HUARAZ;INDEPENDENCIA;020102;INDEPENDENCIA;020406;ANCASH;CARHUAZ;MARCARA;3;5;31;8495;0;8495;CON
122;005;HUARAZ;INDEPENDENCIA;020102;INDEPENDENCIA;020407;ANCASH;CARHUAZ;PARIAHUANCA;0;1;5;1309;0;1309;CON
123;005;HUARAZ;INDEPENDENCIA;020102;INDEPENDENCIA;020408;ANCASH;CARHUAZ;SAN MIGUEL DE ACO;1;2;9;2291;0;2291;CON
124;005;HUARAZ;INDEPENDENCIA;020102;INDEPENDENCIA;020409;ANCASH;CARHUAZ;SHILLA;2;3;11;3144;0;3144;CON
125;005;HUARAZ;INDEPENDENCIA;020102;INDEPENDENCIA;020410;ANCASH;CARHUAZ;TINCO;0;2;10;2872;0;2872;CON
126;005;HUARAZ;INDEPENDENCIA;020102;INDEPENDENCIA;020411;ANCASH;CARHUAZ;YUNGAR;2;4;11;2984;0;2984;CON
127;006;HUARI;HUARI;020801;HUARI;020801;ANCASH;HUARI;HUARI;4;6;22;6205;0;6205;CON
128;006;HUARI;HUARI;020801;HUARI;020802;ANCASH;HUARI;CAJAY;0;3;14;4026;0;4026;CON
129;006;HUARI;HUARI;020801;HUARI;020803;ANCASH;HUARI;CHAVIN DE HUANTAR;2;5;30;8199;0;8199;CON
130;006;HUARI;HUARI;020801;HUARI;020804;ANCASH;HUARI;HUACACHI;1;2;11;3002;0;3002;CON
131;006;HUARI;HUARI;020801;HUARI;020805;ANCASH;HUARI;HUACHIS;3;4;21;5546;0;5546;CON
132;006;HUARI;HUARI;020801;HUARI;020806;ANCASH;HUARI;HUACCHIS;1;3;9;2432;0;2432;CON
133;006;HUARI;HUARI;020801;HUARI;020807;ANCASH;HUARI;HUANTAR;2;4;11;2838;0;2838;CON
134;006;HUARI;HUARI;020801;HUARI;020808;ANCASH;HUARI;MASIN;2;3;8;1980;0;1980;CON
135;006;HUARI;HUARI;020801;HUARI;020809;ANCASH;HUARI;PAUCAS;1;2;9;2290;0;2290;CON
136;006;HUARI;HUARI;020801;HUARI;020810;ANCASH;HUARI;PONTO;1;3;17;4619;0;4619;CON
137;006;HUARI;HUARI;020801;HUARI;020811;ANCASH;HUARI;RAHUAPAMPA;0;1;4;1006;0;1006;CON
138;006;HUARI;HUARI;020801;HUARI;020812;ANCASH;HUARI;RAPAYAN;0;1;8;2130;0;2130;CON
139;006;HUARI;HUARI;020801;HUARI;020813;ANCASH;HUARI;SAN MARCOS;9;16;94;25917;0;25917;CON
140;006;HUARI;HUARI;020801;HUARI;020814;ANCASH;HUARI;SAN PEDRO DE CHANA;3;5;13;3367;0;3367;CON
141;006;HUARI;HUARI;020801;HUARI;020815;ANCASH;HUARI;UCO;1;3;7;1888;0;1888;CON
142;006;HUARI;HUARI;020801;HUARI;020816;ANCASH;HUARI;ANRA;1;3;10;2341;0;2341;CON
143;006;HUARI;HUARI;020801;HUARI;021601;ANCASH;ANTONIO RAIMONDI;LLAMELLIN;0;1;7;2064;0;2064;CON
144;006;HUARI;HUARI;020801;HUARI;021602;ANCASH;ANTONIO RAIMONDI;ACZO;1;2;6;1584;0;1584;CON
145;006;HUARI;HUARI;020801;HUARI;021603;ANCASH;ANTONIO RAIMONDI;CHACCHO;0;1;5;1403;0;1403;CON
146;006;HUARI;HUARI;020801;HUARI;021604;ANCASH;ANTONIO RAIMONDI;CHINGAS;0;1;6;1564;0;1564;CON
147;006;HUARI;HUARI;020801;HUARI;021605;ANCASH;ANTONIO RAIMONDI;MIRGAS;4;6;16;4220;0;4220;CON
148;006;HUARI;HUARI;020801;HUARI;021606;ANCASH;ANTONIO RAIMONDI;SAN JUAN DE RONTOY;1;2;5;1259;0;1259;CON
149;006;HUARI;HUARI;020801;HUARI;021701;ANCASH;CARLOS FERMIN FITZCARRALD;SAN LUIS;6;8;32;8215;0;8215;CON
150;006;HUARI;HUARI;020801;HUARI;021702;ANCASH;CARLOS FERMIN FITZCARRALD;YAUYA;3;4;14;3846;0;3846;CON
151;006;HUARI;HUARI;020801;HUARI;021703;ANCASH;CARLOS FERMIN FITZCARRALD;SAN NICOLAS;3;5;11;2794;0;2794;CON
152;006;HUARI;HUARI;020801;HUARI;021801;ANCASH;ASUNCION;CHACAS;1;3;13;3568;0;3568;CON
153;006;HUARI;HUARI;020801;HUARI;021802;ANCASH;ASUNCION;ACOCHACA;1;2;10;2564;0;2564;CON
154;007;HUAYLAS;CARAZ;020701;CARAZ;020601;ANCASH;CORONGO;CORONGO;0;1;5;1279;0;1279;CON
155;007;HUAYLAS;CARAZ;020701;CARAZ;020602;ANCASH;CORONGO;ACO;0;1;2;371;0;371;CON
156;007;HUAYLAS;CARAZ;020701;CARAZ;020603;ANCASH;CORONGO;BAMBAS;1;2;2;401;0;401;CON
157;007;HUAYLAS;CARAZ;020701;CARAZ;020604;ANCASH;CORONGO;CUSCA;1;2;9;2444;0;2444;CON
158;007;HUAYLAS;CARAZ;020701;CARAZ;020605;ANCASH;CORONGO;LA PAMPA;0;1;4;945;0;945;CON
159;007;HUAYLAS;CARAZ;020701;CARAZ;020606;ANCASH;CORONGO;YANAC;0;1;3;617;0;617;CON
160;007;HUAYLAS;CARAZ;020701;CARAZ;020607;ANCASH;CORONGO;YUPAN;0;1;2;347;0;347;CON
161;007;HUAYLAS;CARAZ;020701;CARAZ;020701;ANCASH;HUAYLAS;CARAZ;2;8;68;20147;0;20147;CON
162;007;HUAYLAS;CARAZ;020701;CARAZ;020702;ANCASH;HUAYLAS;HUALLANCA;0;1;4;1127;0;1127;CON
163;007;HUAYLAS;CARAZ;020701;CARAZ;020703;ANCASH;HUAYLAS;HUATA;0;1;5;1331;0;1331;CON
164;007;HUAYLAS;CARAZ;020701;CARAZ;020704;ANCASH;HUAYLAS;HUAYLAS;0;1;5;1429;0;1429;CON
165;007;HUAYLAS;CARAZ;020701;CARAZ;020705;ANCASH;HUAYLAS;MATO;1;2;7;1770;0;1770;CON
166;007;HUAYLAS;CARAZ;020701;CARAZ;020706;ANCASH;HUAYLAS;PAMPAROMAS;6;7;28;7088;0;7088;CON
167;007;HUAYLAS;CARAZ;020701;CARAZ;020707;ANCASH;HUAYLAS;PUEBLO LIBRE;2;3;23;6706;0;6706;CON
168;007;HUAYLAS;CARAZ;020701;CARAZ;020708;ANCASH;HUAYLAS;SANTA CRUZ;1;2;16;4504;0;4504;CON
169;007;HUAYLAS;CARAZ;020701;CARAZ;020709;ANCASH;HUAYLAS;YURACMARCA;1;2;9;2347;0;2347;CON
170;007;HUAYLAS;CARAZ;020701;CARAZ;020710;ANCASH;HUAYLAS;SANTO TORIBIO;0;1;4;974;0;974;CON
171;007;HUAYLAS;CARAZ;020701;CARAZ;021501;ANCASH;YUNGAY;YUNGAY;5;8;61;17391;0;17391;CON
172;007;HUAYLAS;CARAZ;020701;CARAZ;021502;ANCASH;YUNGAY;CASCAPARA;1;2;7;1686;0;1686;CON
173;007;HUAYLAS;CARAZ;020701;CARAZ;021503;ANCASH;YUNGAY;MANCOS;4;6;22;5960;0;5960;CON
174;007;HUAYLAS;CARAZ;020701;CARAZ;021504;ANCASH;YUNGAY;MATACOTO;0;1;6;1611;0;1611;CON
175;007;HUAYLAS;CARAZ;020701;CARAZ;021505;ANCASH;YUNGAY;QUILLO;5;7;39;10731;0;10731;CON
176;007;HUAYLAS;CARAZ;020701;CARAZ;021506;ANCASH;YUNGAY;RANRAHIRCA;0;2;10;2961;0;2961;CON
177;007;HUAYLAS;CARAZ;020701;CARAZ;021507;ANCASH;YUNGAY;SHUPLUY;2;3;8;2024;0;2024;CON
178;007;HUAYLAS;CARAZ;020701;CARAZ;021508;ANCASH;YUNGAY;YANAMA;2;4;18;4931;0;4931;CON
179;008;POMABAMBA;POMABAMBA;021101;POMABAMBA;020901;ANCASH;MARISCAL LUZURIAGA;PISCOBAMBA;0;1;8;2151;0;2151;CON
180;008;POMABAMBA;POMABAMBA;021101;POMABAMBA;020902;ANCASH;MARISCAL LUZURIAGA;CASCA;1;2;14;3791;0;3791;CON
181;008;POMABAMBA;POMABAMBA;021101;POMABAMBA;020903;ANCASH;MARISCAL LUZURIAGA;LUCMA;1;2;10;2523;0;2523;CON
182;008;POMABAMBA;POMABAMBA;021101;POMABAMBA;020904;ANCASH;MARISCAL LUZURIAGA;FIDEL OLIVAS ESCUDERO;2;3;8;1902;0;1902;CON
183;008;POMABAMBA;POMABAMBA;021101;POMABAMBA;020905;ANCASH;MARISCAL LUZURIAGA;LLAMA;0;1;4;1160;0;1160;CON
184;008;POMABAMBA;POMABAMBA;021101;POMABAMBA;020906;ANCASH;MARISCAL LUZURIAGA;LLUMPA;1;3;18;4911;0;4911;CON
185;008;POMABAMBA;POMABAMBA;021101;POMABAMBA;020907;ANCASH;MARISCAL LUZURIAGA;MUSGA;0;1;4;1151;0;1151;CON
186;008;POMABAMBA;POMABAMBA;021101;POMABAMBA;020908;ANCASH;MARISCAL LUZURIAGA;ELEAZAR GUZMAN BARRON;1;2;5;1109;0;1109;CON
187;008;POMABAMBA;POMABAMBA;021101;POMABAMBA;021101;ANCASH;POMABAMBA;POMABAMBA;3;5;37;10485;0;10485;CON
188;008;POMABAMBA;POMABAMBA;021101;POMABAMBA;021102;ANCASH;POMABAMBA;HUAYLLAN;1;3;11;2943;0;2943;CON
189;008;POMABAMBA;POMABAMBA;021101;POMABAMBA;021103;ANCASH;POMABAMBA;PAROBAMBA;6;8;20;5133;0;5133;CON
190;008;POMABAMBA;POMABAMBA;021101;POMABAMBA;021104;ANCASH;POMABAMBA;QUINUABAMBA;1;2;8;2069;0;2069;CON
191;008;POMABAMBA;POMABAMBA;021101;POMABAMBA;021401;ANCASH;SIHUAS;SIHUAS;0;1;12;3514;0;3514;CON
192;008;POMABAMBA;POMABAMBA;021101;POMABAMBA;021402;ANCASH;SIHUAS;ALFONSO UGARTE;0;1;2;509;0;509;CON
193;008;POMABAMBA;POMABAMBA;021101;POMABAMBA;021403;ANCASH;SIHUAS;CHINGALPO;1;2;4;903;0;903;CON
194;008;POMABAMBA;POMABAMBA;021101;POMABAMBA;021404;ANCASH;SIHUAS;HUAYLLABAMBA;2;3;11;3093;0;3093;CON
195;008;POMABAMBA;POMABAMBA;021101;POMABAMBA;021405;ANCASH;SIHUAS;QUICHES;3;4;8;2039;0;2039;CON
196;008;POMABAMBA;POMABAMBA;021101;POMABAMBA;021406;ANCASH;SIHUAS;SICSIBAMBA;0;1;5;1405;0;1405;CON
197;008;POMABAMBA;POMABAMBA;021101;POMABAMBA;021407;ANCASH;SIHUAS;ACOBAMBA;1;2;6;1408;0;1408;CON
198;008;POMABAMBA;POMABAMBA;021101;POMABAMBA;021408;ANCASH;SIHUAS;CASHAPAMPA;1;2;9;2309;0;2309;CON
199;008;POMABAMBA;POMABAMBA;021101;POMABAMBA;021409;ANCASH;SIHUAS;RAGASH;1;2;10;2727;0;2727;CON
200;008;POMABAMBA;POMABAMBA;021101;POMABAMBA;021410;ANCASH;SIHUAS;SAN JUAN;3;5;22;5746;0;5746;CON
201;009;RECUAY;RECUAY;021201;RECUAY;020201;ANCASH;AIJA;AIJA;0;1;6;1727;0;1727;CON
202;009;RECUAY;RECUAY;021201;RECUAY;020203;ANCASH;AIJA;CORIS;1;3;6;1607;0;1607;CON
203;009;RECUAY;RECUAY;021201;RECUAY;020205;ANCASH;AIJA;HUACLLAN;0;1;2;552;0;552;CON
204;009;RECUAY;RECUAY;021201;RECUAY;020206;ANCASH;AIJA;LA MERCED;2;3;9;2034;0;2034;CON
205;009;RECUAY;RECUAY;021201;RECUAY;020208;ANCASH;AIJA;SUCCHA;0;1;3;731;0;731;CON
206;009;RECUAY;RECUAY;021201;RECUAY;020301;ANCASH;BOLOGNESI;CHIQUIAN;1;2;11;3032;0;3032;CON
207;009;RECUAY;RECUAY;021201;RECUAY;020302;ANCASH;BOLOGNESI;ABELARDO PARDO LEZAMETA;0;1;1;249;0;249;CON
208;009;RECUAY;RECUAY;021201;RECUAY;020304;ANCASH;BOLOGNESI;AQUIA;1;2;8;1923;0;1923;CON
209;009;RECUAY;RECUAY;021201;RECUAY;020305;ANCASH;BOLOGNESI;CAJACAY;0;1;6;1505;0;1505;CON
210;009;RECUAY;RECUAY;021201;RECUAY;020310;ANCASH;BOLOGNESI;HUAYLLACAYAN;1;2;5;997;0;997;CON
211;009;RECUAY;RECUAY;021201;RECUAY;020311;ANCASH;BOLOGNESI;HUASTA;2;3;7;1540;0;1540;CON
212;009;RECUAY;RECUAY;021201;RECUAY;020313;ANCASH;BOLOGNESI;MANGAS;0;1;3;645;0;645;CON
213;009;RECUAY;RECUAY;021201;RECUAY;020315;ANCASH;BOLOGNESI;PACLLON;1;2;4;985;0;985;CON
214;009;RECUAY;RECUAY;021201;RECUAY;020317;ANCASH;BOLOGNESI;SAN MIGUEL DE CORPANQUI;0;1;2;386;0;386;CON
215;009;RECUAY;RECUAY;021201;RECUAY;020320;ANCASH;BOLOGNESI;TICLLOS;1;2;3;540;0;540;CON
216;009;RECUAY;RECUAY;021201;RECUAY;020321;ANCASH;BOLOGNESI;ANTONIO RAYMONDI;1;2;6;1255;0;1255;CON
217;009;RECUAY;RECUAY;021201;RECUAY;020322;ANCASH;BOLOGNESI;CANIS;0;1;2;432;0;432;CON
218;009;RECUAY;RECUAY;021201;RECUAY;020323;ANCASH;BOLOGNESI;COLQUIOC;1;2;7;1745;0;1745;CON
219;009;RECUAY;RECUAY;021201;RECUAY;020324;ANCASH;BOLOGNESI;LA PRIMAVERA;0;1;2;315;0;315;CON
220;009;RECUAY;RECUAY;021201;RECUAY;020325;ANCASH;BOLOGNESI;HUALLANCA;0;1;17;5040;0;5040;CON
221;009;RECUAY;RECUAY;021201;RECUAY;021201;ANCASH;RECUAY;RECUAY;3;5;18;4625;0;4625;CON
222;009;RECUAY;RECUAY;021201;RECUAY;021202;ANCASH;RECUAY;COTAPARACO;0;1;3;607;0;607;CON
223;009;RECUAY;RECUAY;021201;RECUAY;021203;ANCASH;RECUAY;HUAYLLAPAMPA;0;1;3;743;0;743;CON
224;009;RECUAY;RECUAY;021201;RECUAY;021204;ANCASH;RECUAY;MARCA;1;2;5;1278;0;1278;CON
225;009;RECUAY;RECUAY;021201;RECUAY;021205;ANCASH;RECUAY;PAMPAS CHICO;1;2;4;939;0;939;CON
226;009;RECUAY;RECUAY;021201;RECUAY;021206;ANCASH;RECUAY;PARARIN;1;2;6;1494;0;1494;CON
227;009;RECUAY;RECUAY;021201;RECUAY;021207;ANCASH;RECUAY;TAPACOCHA;0;1;2;583;0;583;CON
228;009;RECUAY;RECUAY;021201;RECUAY;021208;ANCASH;RECUAY;TICAPAMPA;1;2;8;2369;0;2369;CON
229;009;RECUAY;RECUAY;021201;RECUAY;021209;ANCASH;RECUAY;LLACLLIN;2;3;5;1093;0;1093;CON
230;009;RECUAY;RECUAY;021201;RECUAY;021210;ANCASH;RECUAY;CATAC;0;1;13;3744;0;3744;CON
231;010;SANTA;NUEVO CHIMBOTE;021309;NUEVO CHIMBOTE;021001;ANCASH;PALLASCA;CABANA;0;1;7;2016;0;2016;CON
232;010;SANTA;NUEVO CHIMBOTE;021309;NUEVO CHIMBOTE;021002;ANCASH;PALLASCA;BOLOGNESI;0;1;4;914;0;914;CON
233;010;SANTA;NUEVO CHIMBOTE;021309;NUEVO CHIMBOTE;021003;ANCASH;PALLASCA;CONCHUCOS;7;9;25;5877;0;5877;CON
234;010;SANTA;NUEVO CHIMBOTE;021309;NUEVO CHIMBOTE;021004;ANCASH;PALLASCA;HUACASCHUQUE;0;1;2;436;0;436;CON
235;010;SANTA;NUEVO CHIMBOTE;021309;NUEVO CHIMBOTE;021005;ANCASH;PALLASCA;HUANDOVAL;0;1;3;786;0;786;CON
236;010;SANTA;NUEVO CHIMBOTE;021309;NUEVO CHIMBOTE;021006;ANCASH;PALLASCA;LACABAMBA;0;1;2;564;0;564;CON
237;010;SANTA;NUEVO CHIMBOTE;021309;NUEVO CHIMBOTE;021007;ANCASH;PALLASCA;LLAPO;0;1;2;458;0;458;CON
238;010;SANTA;NUEVO CHIMBOTE;021309;NUEVO CHIMBOTE;021008;ANCASH;PALLASCA;PALLASCA;1;2;8;2100;0;2100;CON
239;010;SANTA;NUEVO CHIMBOTE;021309;NUEVO CHIMBOTE;021009;ANCASH;PALLASCA;PAMPAS;2;3;12;3264;0;3264;CON
240;010;SANTA;NUEVO CHIMBOTE;021309;NUEVO CHIMBOTE;021010;ANCASH;PALLASCA;SANTA ROSA;2;3;4;818;0;818;CON
241;010;SANTA;NUEVO CHIMBOTE;021309;NUEVO CHIMBOTE;021011;ANCASH;PALLASCA;TAUCA;1;2;7;2020;0;2020;CON
242;010;SANTA;NUEVO CHIMBOTE;021309;NUEVO CHIMBOTE;021301;ANCASH;SANTA;CHIMBOTE;2;56;615;183586;0;183586;CON
243;010;SANTA;NUEVO CHIMBOTE;021309;NUEVO CHIMBOTE;021302;ANCASH;SANTA;CACERES DEL PERU;0;2;16;4651;0;4651;CON
244;010;SANTA;NUEVO CHIMBOTE;021309;NUEVO CHIMBOTE;021303;ANCASH;SANTA;MACATE;3;4;13;3375;0;3375;CON
245;010;SANTA;NUEVO CHIMBOTE;021309;NUEVO CHIMBOTE;021304;ANCASH;SANTA;MORO;0;2;25;7393;0;7393;CON
246;010;SANTA;NUEVO CHIMBOTE;021309;NUEVO CHIMBOTE;021305;ANCASH;SANTA;NEPEÑA;1;3;42;11934;0;11934;CON
247;010;SANTA;NUEVO CHIMBOTE;021309;NUEVO CHIMBOTE;021306;ANCASH;SANTA;SAMANCO;0;2;14;4136;0;4136;CON
248;010;SANTA;NUEVO CHIMBOTE;021309;NUEVO CHIMBOTE;021307;ANCASH;SANTA;SANTA;0;5;88;26271;0;26271;CON
249;010;SANTA;NUEVO CHIMBOTE;021309;NUEVO CHIMBOTE;021308;ANCASH;SANTA;COISHCO;0;3;46;13727;0;13727;CON
250;010;SANTA;NUEVO CHIMBOTE;021309;NUEVO CHIMBOTE;021309;ANCASH;SANTA;NUEVO CHIMBOTE;0;23;421;126012;0;126012;CON
251;011;ABANCAY;ABANCAY;030101;ABANCAY;030101;APURIMAC;ABANCAY;ABANCAY;0;13;161;47520;0;47520;CON
252;011;ABANCAY;ABANCAY;030101;ABANCAY;030102;APURIMAC;ABANCAY;CIRCA;2;4;13;3290;0;3290;CON
253;011;ABANCAY;ABANCAY;030101;ABANCAY;030103;APURIMAC;ABANCAY;CURAHUASI;2;6;49;14307;0;14307;CON
254;011;ABANCAY;ABANCAY;030101;ABANCAY;030104;APURIMAC;ABANCAY;CHACOCHE;1;3;5;1318;0;1318;CON
255;011;ABANCAY;ABANCAY;030101;ABANCAY;030105;APURIMAC;ABANCAY;HUANIPACA;0;2;13;3658;0;3658;CON
256;011;ABANCAY;ABANCAY;030101;ABANCAY;030106;APURIMAC;ABANCAY;LAMBRAMA;2;4;16;4391;0;4391;CON
257;011;ABANCAY;ABANCAY;030101;ABANCAY;030107;APURIMAC;ABANCAY;PICHIRHUA;4;6;17;4218;0;4218;CON
258;011;ABANCAY;ABANCAY;030101;ABANCAY;030108;APURIMAC;ABANCAY;SAN PEDRO DE CACHORA;0;2;9;2681;0;2681;CON
259;011;ABANCAY;ABANCAY;030101;ABANCAY;030109;APURIMAC;ABANCAY;TAMBURCO;0;3;29;8623;0;8623;CON
260;011;ABANCAY;ABANCAY;030101;ABANCAY;030201;APURIMAC;AYMARAES;CHALHUANCA;1;3;11;2984;0;2984;CON
261;011;ABANCAY;ABANCAY;030101;ABANCAY;030202;APURIMAC;AYMARAES;CAPAYA;0;1;3;659;0;659;CON
262;011;ABANCAY;ABANCAY;030101;ABANCAY;030203;APURIMAC;AYMARAES;CARAYBAMBA;0;1;4;1161;0;1161;CON
263;011;ABANCAY;ABANCAY;030101;ABANCAY;030204;APURIMAC;AYMARAES;COLCABAMBA;0;1;3;784;0;784;CON
264;011;ABANCAY;ABANCAY;030101;ABANCAY;030205;APURIMAC;AYMARAES;COTARUSE;3;5;14;3483;0;3483;CON
265;011;ABANCAY;ABANCAY;030101;ABANCAY;030206;APURIMAC;AYMARAES;CHAPIMARCA;2;4;10;2210;0;2210;CON
266;011;ABANCAY;ABANCAY;030101;ABANCAY;030207;APURIMAC;AYMARAES;IHUAYLLO;0;1;3;642;0;642;CON
267;011;ABANCAY;ABANCAY;030101;ABANCAY;030208;APURIMAC;AYMARAES;LUCRE;0;2;6;1728;0;1728;CON
268;011;ABANCAY;ABANCAY;030101;ABANCAY;030209;APURIMAC;AYMARAES;POCOHUANCA;1;2;6;1479;0;1479;CON
269;011;ABANCAY;ABANCAY;030101;ABANCAY;030210;APURIMAC;AYMARAES;SAÑAYCA;0;1;4;1155;0;1155;CON
270;011;ABANCAY;ABANCAY;030101;ABANCAY;030211;APURIMAC;AYMARAES;SORAYA;0;1;3;692;0;692;CON
271;011;ABANCAY;ABANCAY;030101;ABANCAY;030212;APURIMAC;AYMARAES;TAPAIRIHUA;1;2;9;2340;0;2340;CON
272;011;ABANCAY;ABANCAY;030101;ABANCAY;030213;APURIMAC;AYMARAES;TINTAY;2;4;12;2889;0;2889;CON
273;011;ABANCAY;ABANCAY;030101;ABANCAY;030214;APURIMAC;AYMARAES;TORAYA;0;1;5;1360;0;1360;CON
274;011;ABANCAY;ABANCAY;030101;ABANCAY;030215;APURIMAC;AYMARAES;YANACA;0;1;4;1031;0;1031;CON
275;011;ABANCAY;ABANCAY;030101;ABANCAY;030216;APURIMAC;AYMARAES;SAN JUAN DE CHACÑA;0;1;3;772;0;772;CON
276;011;ABANCAY;ABANCAY;030101;ABANCAY;030217;APURIMAC;AYMARAES;JUSTO APU SAHUARAURA;0;1;3;816;0;816;CON
277;011;ABANCAY;ABANCAY;030101;ABANCAY;030401;APURIMAC;ANTABAMBA;ANTABAMBA;0;2;10;2670;0;2670;CON
278;011;ABANCAY;ABANCAY;030101;ABANCAY;030402;APURIMAC;ANTABAMBA;EL ORO;0;1;2;591;0;591;CON
279;011;ABANCAY;ABANCAY;030101;ABANCAY;030403;APURIMAC;ANTABAMBA;HUAQUIRCA;0;1;5;1457;0;1457;CON
280;011;ABANCAY;ABANCAY;030101;ABANCAY;030404;APURIMAC;ANTABAMBA;JUAN ESPINOZA MEDRANO;2;3;7;1950;0;1950;CON
281;011;ABANCAY;ABANCAY;030101;ABANCAY;030405;APURIMAC;ANTABAMBA;OROPESA;0;1;7;1988;0;1988;CON
282;011;ABANCAY;ABANCAY;030101;ABANCAY;030406;APURIMAC;ANTABAMBA;PACHACONAS;0;2;5;1277;0;1277;CON
283;011;ABANCAY;ABANCAY;030101;ABANCAY;030407;APURIMAC;ANTABAMBA;SABAINO;0;1;5;1485;0;1485;CON
284;012;ANDAHUAYLAS;ANDAHUAYLAS;030301;ANDAHUAYLAS;030301;APURIMAC;ANDAHUAYLAS;ANDAHUAYLAS;5;11;107;30767;0;30767;CON
285;012;ANDAHUAYLAS;ANDAHUAYLAS;030301;ANDAHUAYLAS;030302;APURIMAC;ANDAHUAYLAS;ANDARAPA;1;3;22;6166;0;6166;CON;INFLUENCIA
286;012;ANDAHUAYLAS;ANDAHUAYLAS;030301;ANDAHUAYLAS;030303;APURIMAC;ANDAHUAYLAS;CHIARA;1;2;5;1217;0;1217;CON
287;012;ANDAHUAYLAS;ANDAHUAYLAS;030301;ANDAHUAYLAS;030304;APURIMAC;ANDAHUAYLAS;HUANCARAMA;0;2;17;5064;0;5064;CON
288;012;ANDAHUAYLAS;ANDAHUAYLAS;030301;ANDAHUAYLAS;030305;APURIMAC;ANDAHUAYLAS;HUANCARAY;1;3;13;3622;0;3622;CON
289;012;ANDAHUAYLAS;ANDAHUAYLAS;030301;ANDAHUAYLAS;030306;APURIMAC;ANDAHUAYLAS;KISHUARA;4;6;23;6383;0;6383;CON
290;012;ANDAHUAYLAS;ANDAHUAYLAS;030301;ANDAHUAYLAS;030307;APURIMAC;ANDAHUAYLAS;PACOBAMBA;1;3;15;4337;0;4337;CON;INFLUENCIA
291;012;ANDAHUAYLAS;ANDAHUAYLAS;030301;ANDAHUAYLAS;030308;APURIMAC;ANDAHUAYLAS;PAMPACHIRI;0;1;8;2161;0;2161;CON
292;012;ANDAHUAYLAS;ANDAHUAYLAS;030301;ANDAHUAYLAS;030309;APURIMAC;ANDAHUAYLAS;SAN ANTONIO DE CACHI;1;3;10;2770;0;2770;CON
293;012;ANDAHUAYLAS;ANDAHUAYLAS;030301;ANDAHUAYLAS;030310;APURIMAC;ANDAHUAYLAS;SAN JERONIMO;3;7;62;17763;0;17763;CON
294;012;ANDAHUAYLAS;ANDAHUAYLAS;030301;ANDAHUAYLAS;030311;APURIMAC;ANDAHUAYLAS;TALAVERA;2;6;57;16469;0;16469;CON
295;012;ANDAHUAYLAS;ANDAHUAYLAS;030301;ANDAHUAYLAS;030312;APURIMAC;ANDAHUAYLAS;TURPO;1;3;13;3756;0;3756;CON
296;012;ANDAHUAYLAS;ANDAHUAYLAS;030301;ANDAHUAYLAS;030313;APURIMAC;ANDAHUAYLAS;PACUCHA;2;5;29;8219;0;8219;CON
297;012;ANDAHUAYLAS;ANDAHUAYLAS;030301;ANDAHUAYLAS;030314;APURIMAC;ANDAHUAYLAS;POMACOCHA;0;1;3;824;0;824;CON
298;012;ANDAHUAYLAS;ANDAHUAYLAS;030301;ANDAHUAYLAS;030315;APURIMAC;ANDAHUAYLAS;SANTA MARIA DE CHICMO;1;4;28;7927;0;7927;CON
299;012;ANDAHUAYLAS;ANDAHUAYLAS;030301;ANDAHUAYLAS;030316;APURIMAC;ANDAHUAYLAS;TUMAY HUARACA;1;3;7;1806;0;1806;CON
300;012;ANDAHUAYLAS;ANDAHUAYLAS;030301;ANDAHUAYLAS;030317;APURIMAC;ANDAHUAYLAS;HUAYANA;0;1;3;779;0;779;CON
301;012;ANDAHUAYLAS;ANDAHUAYLAS;030301;ANDAHUAYLAS;030318;APURIMAC;ANDAHUAYLAS;SAN MIGUEL DE CHACCRAMPA;0;1;7;1838;0;1838;CON
302;012;ANDAHUAYLAS;ANDAHUAYLAS;030301;ANDAHUAYLAS;030319;APURIMAC;ANDAHUAYLAS;KAQUIABAMBA;0;2;8;2084;0;2084;CON;INFLUENCIA
303;012;ANDAHUAYLAS;ANDAHUAYLAS;030301;ANDAHUAYLAS;030320;APURIMAC;ANDAHUAYLAS;JOSE MARIA ARGUEDAS;0;1;14;4083;0;4083;CON
304;012;ANDAHUAYLAS;ANDAHUAYLAS;030301;ANDAHUAYLAS;030701;APURIMAC;CHINCHEROS;CHINCHEROS;2;4;17;4692;0;4692;CON
305;012;ANDAHUAYLAS;ANDAHUAYLAS;030301;ANDAHUAYLAS;030702;APURIMAC;CHINCHEROS;ONGOY;0;1;8;2330;0;2330;CON;INFLUENCIA
306;012;ANDAHUAYLAS;ANDAHUAYLAS;030301;ANDAHUAYLAS;030703;APURIMAC;CHINCHEROS;OCOBAMBA;1;3;22;6174;0;6174;CON;INFLUENCIA
307;012;ANDAHUAYLAS;ANDAHUAYLAS;030301;ANDAHUAYLAS;030704;APURIMAC;CHINCHEROS;COCHARCAS;0;2;7;1866;0;1866;CON
308;012;ANDAHUAYLAS;ANDAHUAYLAS;030301;ANDAHUAYLAS;030705;APURIMAC;CHINCHEROS;ANCO HUALLO;3;5;35;9528;0;9528;CON
309;012;ANDAHUAYLAS;ANDAHUAYLAS;030301;ANDAHUAYLAS;030706;APURIMAC;CHINCHEROS;HUACCANA;0;2;17;4969;0;4969;CON;INFLUENCIA
310;012;ANDAHUAYLAS;ANDAHUAYLAS;030301;ANDAHUAYLAS;030707;APURIMAC;CHINCHEROS;URANMARCA;1;3;10;2512;0;2512;CON
311;012;ANDAHUAYLAS;ANDAHUAYLAS;030301;ANDAHUAYLAS;030708;APURIMAC;CHINCHEROS;RANRACANCHA;0;1;11;3239;0;3239;CON
312;012;ANDAHUAYLAS;ANDAHUAYLAS;030301;ANDAHUAYLAS;030709;APURIMAC;CHINCHEROS;ROCCHACC;0;2;9;2623;0;2623;CON;INFLUENCIA
313;012;ANDAHUAYLAS;ANDAHUAYLAS;030301;ANDAHUAYLAS;030710;APURIMAC;CHINCHEROS;EL PORVENIR;1;2;6;1490;0;1490;CON;INFLUENCIA
314;012;ANDAHUAYLAS;ANDAHUAYLAS;030301;ANDAHUAYLAS;030711;APURIMAC;CHINCHEROS;LOS CHANKAS;0;2;5;1320;0;1320;CON;INFLUENCIA
315;012;ANDAHUAYLAS;ANDAHUAYLAS;030301;ANDAHUAYLAS;030712;APURIMAC;CHINCHEROS;AHUAYRO;0;1;4;1127;0;1127;CON;INTERV DIRECTA
316;013;GRAU;CHUQUIBAMBILLA;030601;CHUQUIBAMBILLA;030501;APURIMAC;COTABAMBAS;TAMBOBAMBA;4;8;35;9778;0;9778;CON
317;013;GRAU;CHUQUIBAMBILLA;030601;CHUQUIBAMBILLA;030502;APURIMAC;COTABAMBAS;COYLLURQUI;2;4;24;6748;0;6748;CON
318;013;GRAU;CHUQUIBAMBILLA;030601;CHUQUIBAMBILLA;030503;APURIMAC;COTABAMBAS;COTABAMBAS;1;3;15;4032;0;4032;CON
319;013;GRAU;CHUQUIBAMBILLA;030601;CHUQUIBAMBILLA;030504;APURIMAC;COTABAMBAS;HAQUIRA;5;7;31;8563;0;8563;CON
320;013;GRAU;CHUQUIBAMBILLA;030601;CHUQUIBAMBILLA;030505;APURIMAC;COTABAMBAS;MARA;3;6;19;5250;0;5250;CON
321;013;GRAU;CHUQUIBAMBILLA;030601;CHUQUIBAMBILLA;030506;APURIMAC;COTABAMBAS;CHALLHUAHUACHO;2;7;41;11551;0;11551;CON
322;013;GRAU;CHUQUIBAMBILLA;030601;CHUQUIBAMBILLA;030601;APURIMAC;GRAU;CHUQUIBAMBILLA;0;2;14;4149;0;4149;CON
323;013;GRAU;CHUQUIBAMBILLA;030601;CHUQUIBAMBILLA;030602;APURIMAC;GRAU;CURPAHUASI;2;4;9;2164;0;2164;CON
324;013;GRAU;CHUQUIBAMBILLA;030601;CHUQUIBAMBILLA;030603;APURIMAC;GRAU;HUAYLLATI;0;1;5;1439;0;1439;CON
325;013;GRAU;CHUQUIBAMBILLA;030601;CHUQUIBAMBILLA;030604;APURIMAC;GRAU;MAMARA;0;1;3;753;0;753;CON
326;013;GRAU;CHUQUIBAMBILLA;030601;CHUQUIBAMBILLA;030605;APURIMAC;GRAU;GAMARRA;2;4;13;3321;0;3321;CON
327;013;GRAU;CHUQUIBAMBILLA;030601;CHUQUIBAMBILLA;030606;APURIMAC;GRAU;MICAELA BASTIDAS;0;1;4;937;0;937;CON
328;013;GRAU;CHUQUIBAMBILLA;030601;CHUQUIBAMBILLA;030607;APURIMAC;GRAU;PROGRESO;0;2;11;3154;0;3154;CON
329;013;GRAU;CHUQUIBAMBILLA;030601;CHUQUIBAMBILLA;030608;APURIMAC;GRAU;PATAYPAMPA;0;1;4;983;0;983;CON
330;013;GRAU;CHUQUIBAMBILLA;030601;CHUQUIBAMBILLA;030609;APURIMAC;GRAU;SAN ANTONIO;0;1;2;392;0;392;CON
331;013;GRAU;CHUQUIBAMBILLA;030601;CHUQUIBAMBILLA;030610;APURIMAC;GRAU;TURPAY;0;1;2;596;0;596;CON
332;013;GRAU;CHUQUIBAMBILLA;030601;CHUQUIBAMBILLA;030611;APURIMAC;GRAU;VILCABAMBA;0;1;4;1001;0;1001;CON
333;013;GRAU;CHUQUIBAMBILLA;030601;CHUQUIBAMBILLA;030612;APURIMAC;GRAU;VIRUNDO;0;1;3;785;0;785;CON
334;013;GRAU;CHUQUIBAMBILLA;030601;CHUQUIBAMBILLA;030613;APURIMAC;GRAU;SANTA ROSA;0;1;3;666;0;666;CON
335;013;GRAU;CHUQUIBAMBILLA;030601;CHUQUIBAMBILLA;030614;APURIMAC;GRAU;CURASCO;0;1;5;1271;0;1271;CON
336;014;AREQUIPA;AREQUIPA;040101;AREQUIPA;040101;AREQUIPA;AREQUIPA;AREQUIPA;0;14;241;71767;2;71769;CON
337;014;AREQUIPA;AREQUIPA;040101;AREQUIPA;040105;AREQUIPA;AREQUIPA;CHIGUATA;0;3;14;4198;0;4198;CON
338;014;AREQUIPA;AREQUIPA;040101;AREQUIPA;040107;AREQUIPA;AREQUIPA;MIRAFLORES;0;24;176;52600;0;52600;CON
339;014;AREQUIPA;AREQUIPA;040101;AREQUIPA;040109;AREQUIPA;AREQUIPA;PAUCARPATA;0;33;388;115848;0;115848;CON
340;014;AREQUIPA;AREQUIPA;040101;AREQUIPA;040116;AREQUIPA;AREQUIPA;SAN JUAN DE TARUCANI;0;1;7;1816;0;1816;CON
341;014;AREQUIPA;AREQUIPA;040101;AREQUIPA;040126;AREQUIPA;AREQUIPA;MARIANO MELGAR;0;11;179;53527;0;53527;CON
342;014;AREQUIPA;AREQUIPA;040101;AREQUIPA;040128;AREQUIPA;AREQUIPA;ALTO SELVA ALEGRE;0;32;239;71303;0;71303;CON
343;015;CAMANA;CAMANA;040301;CAMANA;040301;AREQUIPA;CAMANA;CAMANA;0;5;45;13108;0;13108;CON
344;015;CAMANA;CAMANA;040301;CAMANA;040302;AREQUIPA;CAMANA;JOSE MARIA QUIMPER;0;3;14;4165;0;4165;CON
345;015;CAMANA;CAMANA;040301;CAMANA;040303;AREQUIPA;CAMANA;MARIANO NICOLAS VALCARCEL;1;3;15;4151;0;4151;CON
346;015;CAMANA;CAMANA;040301;CAMANA;040304;AREQUIPA;CAMANA;MARISCAL CACERES;1;2;21;6086;0;6086;CON
347;015;CAMANA;CAMANA;040301;CAMANA;040305;AREQUIPA;CAMANA;NICOLAS DE PIEROLA;0;4;21;6299;0;6299;CON
348;015;CAMANA;CAMANA;040301;CAMANA;040306;AREQUIPA;CAMANA;OCOÑA;0;3;13;3615;0;3615;CON
349;015;CAMANA;CAMANA;040301;CAMANA;040307;AREQUIPA;CAMANA;QUILCA;0;1;4;1154;0;1154;CON
350;015;CAMANA;CAMANA;040301;CAMANA;040308;AREQUIPA;CAMANA;SAMUEL PASTOR;1;8;47;13875;0;13875;CON
351;015;CAMANA;CAMANA;040301;CAMANA;040401;AREQUIPA;CARAVELI;CARAVELI;0;2;13;3658;0;3658;CON
352;015;CAMANA;CAMANA;040301;CAMANA;040402;AREQUIPA;CARAVELI;ACARI;0;2;12;3348;0;3348;CON
353;015;CAMANA;CAMANA;040301;CAMANA;040403;AREQUIPA;CARAVELI;ATICO;0;2;15;4250;0;4250;CON
354;015;CAMANA;CAMANA;040301;CAMANA;040404;AREQUIPA;CARAVELI;ATIQUIPA;0;1;2;530;0;530;CON
355;015;CAMANA;CAMANA;040301;CAMANA;040405;AREQUIPA;CARAVELI;BELLA UNION;1;3;10;2763;0;2763;CON
356;015;CAMANA;CAMANA;040301;CAMANA;040406;AREQUIPA;CARAVELI;CAHUACHO;1;2;3;615;0;615;CON
357;015;CAMANA;CAMANA;040301;CAMANA;040407;AREQUIPA;CARAVELI;CHALA;0;2;23;6709;0;6709;CON
358;015;CAMANA;CAMANA;040301;CAMANA;040408;AREQUIPA;CARAVELI;CHAPARRA;0;3;8;2386;0;2386;CON
359;015;CAMANA;CAMANA;040301;CAMANA;040409;AREQUIPA;CARAVELI;HUANUHUANU;0;2;7;1895;0;1895;CON
360;015;CAMANA;CAMANA;040301;CAMANA;040410;AREQUIPA;CARAVELI;JAQUI;0;1;5;1274;0;1274;CON
361;015;CAMANA;CAMANA;040301;CAMANA;040411;AREQUIPA;CARAVELI;LOMAS;0;1;4;1184;0;1184;CON
362;015;CAMANA;CAMANA;040301;CAMANA;040412;AREQUIPA;CARAVELI;QUICACHA;0;2;6;1524;0;1524;CON
363;015;CAMANA;CAMANA;040301;CAMANA;040413;AREQUIPA;CARAVELI;YAUCA;0;1;6;1616;0;1616;CON
364;016;CAYLLOMA;MAJES;040220;MAJES;040201;AREQUIPA;CAYLLOMA;CHIVAY;0;2;16;4748;0;4748;CON
365;016;CAYLLOMA;MAJES;040220;MAJES;040202;AREQUIPA;CAYLLOMA;ACHOMA;0;1;4;1013;0;1013;CON
366;016;CAYLLOMA;MAJES;040220;MAJES;040203;AREQUIPA;CAYLLOMA;CABANACONDE;1;2;8;1989;0;1989;CON
367;016;CAYLLOMA;MAJES;040220;MAJES;040204;AREQUIPA;CAYLLOMA;CAYLLOMA;1;2;13;3474;0;3474;CON
368;016;CAYLLOMA;MAJES;040220;MAJES;040205;AREQUIPA;CAYLLOMA;CALLALLI;0;1;6;1757;0;1757;CON
369;016;CAYLLOMA;MAJES;040220;MAJES;040206;AREQUIPA;CAYLLOMA;COPORAQUE;0;1;4;1104;0;1104;CON
370;016;CAYLLOMA;MAJES;040220;MAJES;040207;AREQUIPA;CAYLLOMA;HUAMBO;0;1;3;801;0;801;CON
371;016;CAYLLOMA;MAJES;040220;MAJES;040208;AREQUIPA;CAYLLOMA;HUANCA;0;1;6;1568;0;1568;CON
372;016;CAYLLOMA;MAJES;040220;MAJES;040209;AREQUIPA;CAYLLOMA;ICHUPAMPA;0;1;3;783;0;783;CON
373;016;CAYLLOMA;MAJES;040220;MAJES;040210;AREQUIPA;CAYLLOMA;LARI;0;1;4;1018;0;1018;CON
374;016;CAYLLOMA;MAJES;040220;MAJES;040211;AREQUIPA;CAYLLOMA;LLUTA;1;2;6;1670;0;1670;CON
375;016;CAYLLOMA;MAJES;040220;MAJES;040212;AREQUIPA;CAYLLOMA;MACA;0;1;3;872;0;872;CON
376;016;CAYLLOMA;MAJES;040220;MAJES;040213;AREQUIPA;CAYLLOMA;MADRIGAL;0;1;3;782;0;782;CON
377;016;CAYLLOMA;MAJES;040220;MAJES;040214;AREQUIPA;CAYLLOMA;SAN ANTONIO DE CHUCA;0;1;4;921;0;921;CON
378;016;CAYLLOMA;MAJES;040220;MAJES;040215;AREQUIPA;CAYLLOMA;SIBAYO;0;1;3;799;0;799;CON
379;016;CAYLLOMA;MAJES;040220;MAJES;040216;AREQUIPA;CAYLLOMA;TAPAY;0;1;4;982;0;982;CON
380;016;CAYLLOMA;MAJES;040220;MAJES;040217;AREQUIPA;CAYLLOMA;TISCO;2;3;6;1405;0;1405;CON
381;016;CAYLLOMA;MAJES;040220;MAJES;040218;AREQUIPA;CAYLLOMA;TUTI;0;1;3;759;0;759;CON
382;016;CAYLLOMA;MAJES;040220;MAJES;040219;AREQUIPA;CAYLLOMA;YANQUE;1;2;8;2156;0;2156;CON
383;016;CAYLLOMA;MAJES;040220;MAJES;040220;AREQUIPA;CAYLLOMA;MAJES;0;13;190;56884;0;56884;CON
384;016;CAYLLOMA;MAJES;040220;MAJES;040501;AREQUIPA;CASTILLA;APLAO;1;5;27;7759;0;7759;CON
385;016;CAYLLOMA;MAJES;040220;MAJES;040502;AREQUIPA;CASTILLA;ANDAGUA;0;1;4;986;0;986;CON
386;016;CAYLLOMA;MAJES;040220;MAJES;040503;AREQUIPA;CASTILLA;AYO;0;1;2;478;0;478;CON
387;016;CAYLLOMA;MAJES;040220;MAJES;040504;AREQUIPA;CASTILLA;CHACHAS;3;4;7;1650;0;1650;CON
388;016;CAYLLOMA;MAJES;040220;MAJES;040505;AREQUIPA;CASTILLA;CHILCAYMARCA;0;1;4;1043;0;1043;CON
389;016;CAYLLOMA;MAJES;040220;MAJES;040506;AREQUIPA;CASTILLA;CHOCO;3;4;6;981;0;981;CON
390;016;CAYLLOMA;MAJES;040220;MAJES;040507;AREQUIPA;CASTILLA;HUANCARQUI;0;2;7;1932;0;1932;CON
391;016;CAYLLOMA;MAJES;040220;MAJES;040508;AREQUIPA;CASTILLA;MACHAGUAY;0;1;3;634;0;634;CON
392;016;CAYLLOMA;MAJES;040220;MAJES;040509;AREQUIPA;CASTILLA;ORCOPAMPA;0;1;12;3374;0;3374;CON
393;016;CAYLLOMA;MAJES;040220;MAJES;040510;AREQUIPA;CASTILLA;PAMPACOLCA;0;2;6;1753;0;1753;CON
394;016;CAYLLOMA;MAJES;040220;MAJES;040511;AREQUIPA;CASTILLA;TIPAN;0;1;2;472;0;472;CON
395;016;CAYLLOMA;MAJES;040220;MAJES;040512;AREQUIPA;CASTILLA;URACA;0;2;20;5836;0;5836;CON
396;016;CAYLLOMA;MAJES;040220;MAJES;040513;AREQUIPA;CASTILLA;UÑON;0;1;1;283;0;283;CON
397;016;CAYLLOMA;MAJES;040220;MAJES;040514;AREQUIPA;CASTILLA;VIRACO;0;1;4;1072;0;1072;CON
398;017;CERRO COLORADO;CERRO COLORADO;040103;CERRO COLORADO;040102;AREQUIPA;AREQUIPA;CAYMA;0;33;274;82007;0;82007;CON
399;017;CERRO COLORADO;CERRO COLORADO;040103;CERRO COLORADO;040103;AREQUIPA;AREQUIPA;CERRO COLORADO;0;46;506;151616;0;151616;CON
400;017;CERRO COLORADO;CERRO COLORADO;040103;CERRO COLORADO;040106;AREQUIPA;AREQUIPA;LA JOYA;1;9;98;28840;0;28840;CON
401;017;CERRO COLORADO;CERRO COLORADO;040103;CERRO COLORADO;040114;AREQUIPA;AREQUIPA;SACHACA;0;10;91;27193;0;27193;CON
402;017;CERRO COLORADO;CERRO COLORADO;040103;CERRO COLORADO;040115;AREQUIPA;AREQUIPA;SAN JUAN DE SIGUAS;0;1;4;1032;0;1032;CON
403;017;CERRO COLORADO;CERRO COLORADO;040103;CERRO COLORADO;040117;AREQUIPA;AREQUIPA;SANTA ISABEL DE SIGUAS;0;1;3;899;0;899;CON
404;017;CERRO COLORADO;CERRO COLORADO;040103;CERRO COLORADO;040118;AREQUIPA;AREQUIPA;SANTA RITA DE SIHUAS;0;3;22;6524;0;6524;CON
405;017;CERRO COLORADO;CERRO COLORADO;040103;CERRO COLORADO;040120;AREQUIPA;AREQUIPA;TIABAYA;0;7;57;16804;0;16804;CON
406;017;CERRO COLORADO;CERRO COLORADO;040103;CERRO COLORADO;040121;AREQUIPA;AREQUIPA;UCHUMAYO;0;6;58;16943;0;16943;CON
407;017;CERRO COLORADO;CERRO COLORADO;040103;CERRO COLORADO;040122;AREQUIPA;AREQUIPA;VITOR;0;3;11;2884;0;2884;CON
408;017;CERRO COLORADO;CERRO COLORADO;040103;CERRO COLORADO;040123;AREQUIPA;AREQUIPA;YANAHUARA;0;10;102;30378;0;30378;CON
409;017;CERRO COLORADO;CERRO COLORADO;040103;CERRO COLORADO;040125;AREQUIPA;AREQUIPA;YURA;0;8;96;28771;0;28771;CON
410;018;JOSE LUIS BUSTAMANTE Y RIVERO;JOSE LUIS BUSTAMANTE Y RIVERO;040129;JOSE LUIS BUSTAMANTE Y RIVERO;040104;AREQUIPA;AREQUIPA;CHARACATO;0;4;36;10581;0;10581;CON
411;018;JOSE LUIS BUSTAMANTE Y RIVERO;JOSE LUIS BUSTAMANTE Y RIVERO;040129;JOSE LUIS BUSTAMANTE Y RIVERO;040108;AREQUIPA;AREQUIPA;MOLLEBAYA;0;3;13;3586;0;3586;CON
412;018;JOSE LUIS BUSTAMANTE Y RIVERO;JOSE LUIS BUSTAMANTE Y RIVERO;040129;JOSE LUIS BUSTAMANTE Y RIVERO;040110;AREQUIPA;AREQUIPA;POCSI;0;2;4;953;0;953;CON
413;018;JOSE LUIS BUSTAMANTE Y RIVERO;JOSE LUIS BUSTAMANTE Y RIVERO;040129;JOSE LUIS BUSTAMANTE Y RIVERO;040111;AREQUIPA;AREQUIPA;POLOBAYA;0;1;5;1336;0;1336;CON
414;018;JOSE LUIS BUSTAMANTE Y RIVERO;JOSE LUIS BUSTAMANTE Y RIVERO;040129;JOSE LUIS BUSTAMANTE Y RIVERO;040112;AREQUIPA;AREQUIPA;QUEQUEÑA;0;4;10;2749;0;2749;CON
415;018;JOSE LUIS BUSTAMANTE Y RIVERO;JOSE LUIS BUSTAMANTE Y RIVERO;040129;JOSE LUIS BUSTAMANTE Y RIVERO;040113;AREQUIPA;AREQUIPA;SABANDIA;0;2;16;4719;0;4719;CON
416;018;JOSE LUIS BUSTAMANTE Y RIVERO;JOSE LUIS BUSTAMANTE Y RIVERO;040129;JOSE LUIS BUSTAMANTE Y RIVERO;040119;AREQUIPA;AREQUIPA;SOCABAYA;0;15;189;56647;0;56647;CON
417;018;JOSE LUIS BUSTAMANTE Y RIVERO;JOSE LUIS BUSTAMANTE Y RIVERO;040129;JOSE LUIS BUSTAMANTE Y RIVERO;040124;AREQUIPA;AREQUIPA;YARABAMBA;0;5;15;3839;0;3839;CON
418;018;JOSE LUIS BUSTAMANTE Y RIVERO;JOSE LUIS BUSTAMANTE Y RIVERO;040129;JOSE LUIS BUSTAMANTE Y RIVERO;040127;AREQUIPA;AREQUIPA;JACOBO HUNTER;0;11;142;42487;0;42487;CON
419;018;JOSE LUIS BUSTAMANTE Y RIVERO;JOSE LUIS BUSTAMANTE Y RIVERO;040129;JOSE LUIS BUSTAMANTE Y RIVERO;040129;AREQUIPA;AREQUIPA;JOSE LUIS BUSTAMANTE Y RIVERO;0;17;220;65843;1;65844;CON
420;019;CONDESUYOS;CHUQUIBAMBA;040601;CHUQUIBAMBA;040601;AREQUIPA;CONDESUYOS;CHUQUIBAMBA;0;2;10;2741;0;2741;CON
421;019;CONDESUYOS;CHUQUIBAMBA;040601;CHUQUIBAMBA;040602;AREQUIPA;CONDESUYOS;ANDARAY;0;1;2;583;0;583;CON
422;019;CONDESUYOS;CHUQUIBAMBA;040601;CHUQUIBAMBA;040603;AREQUIPA;CONDESUYOS;CAYARANI;2;3;10;2615;0;2615;CON
423;019;CONDESUYOS;CHUQUIBAMBA;040601;CHUQUIBAMBA;040604;AREQUIPA;CONDESUYOS;CHICHAS;0;1;3;725;0;725;CON
424;019;CONDESUYOS;CHUQUIBAMBA;040601;CHUQUIBAMBA;040605;AREQUIPA;CONDESUYOS;IRAY;0;1;3;686;0;686;CON
425;019;CONDESUYOS;CHUQUIBAMBA;040601;CHUQUIBAMBA;040606;AREQUIPA;CONDESUYOS;SALAMANCA;0;1;3;742;0;742;CON
426;019;CONDESUYOS;CHUQUIBAMBA;040601;CHUQUIBAMBA;040607;AREQUIPA;CONDESUYOS;YANAQUIHUA;1;3;16;4389;0;4389;CON
427;019;CONDESUYOS;CHUQUIBAMBA;040601;CHUQUIBAMBA;040608;AREQUIPA;CONDESUYOS;RIO GRANDE;1;3;9;2345;0;2345;CON
428;019;CONDESUYOS;CHUQUIBAMBA;040601;CHUQUIBAMBA;040801;AREQUIPA;LA UNION;COTAHUASI;0;2;7;2013;0;2013;CON
429;019;CONDESUYOS;CHUQUIBAMBA;040601;CHUQUIBAMBA;040802;AREQUIPA;LA UNION;ALCA;0;1;6;1664;0;1664;CON
430;019;CONDESUYOS;CHUQUIBAMBA;040601;CHUQUIBAMBA;040803;AREQUIPA;LA UNION;CHARCANA;0;1;2;554;0;554;CON
431;019;CONDESUYOS;CHUQUIBAMBA;040601;CHUQUIBAMBA;040804;AREQUIPA;LA UNION;HUAYNACOTAS;1;2;7;1863;0;1863;CON
432;019;CONDESUYOS;CHUQUIBAMBA;040601;CHUQUIBAMBA;040805;AREQUIPA;LA UNION;PAMPAMARCA;3;4;6;1404;0;1404;CON
433;019;CONDESUYOS;CHUQUIBAMBA;040601;CHUQUIBAMBA;040806;AREQUIPA;LA UNION;PUYCA;1;2;9;2188;0;2188;CON
434;019;CONDESUYOS;CHUQUIBAMBA;040601;CHUQUIBAMBA;040807;AREQUIPA;LA UNION;QUECHUALLA;0;1;2;516;0;516;CON
435;019;CONDESUYOS;CHUQUIBAMBA;040601;CHUQUIBAMBA;040808;AREQUIPA;LA UNION;SAYLA;0;1;2;340;0;340;CON
436;019;CONDESUYOS;CHUQUIBAMBA;040601;CHUQUIBAMBA;040809;AREQUIPA;LA UNION;TAURIA;0;1;2;321;0;321;CON
437;019;CONDESUYOS;CHUQUIBAMBA;040601;CHUQUIBAMBA;040810;AREQUIPA;LA UNION;TOMEPAMPA;0;1;3;640;0;640;CON
438;019;CONDESUYOS;CHUQUIBAMBA;040601;CHUQUIBAMBA;040811;AREQUIPA;LA UNION;TORO;0;1;3;610;0;610;CON
439;020;MOLLENDO;MOLLENDO;040701;MOLLENDO;040701;AREQUIPA;ISLAY;MOLLENDO;0;8;75;22376;0;22376;CON
440;020;MOLLENDO;MOLLENDO;040701;MOLLENDO;040702;AREQUIPA;ISLAY;COCACHACRA;0;6;35;10314;0;10314;CON
441;020;MOLLENDO;MOLLENDO;040701;MOLLENDO;040703;AREQUIPA;ISLAY;DEAN VALDIVIA;0;3;22;6405;0;6405;CON
442;020;MOLLENDO;MOLLENDO;040701;MOLLENDO;040704;AREQUIPA;ISLAY;ISLAY;0;1;16;4637;0;4637;CON
443;020;MOLLENDO;MOLLENDO;040701;MOLLENDO;040705;AREQUIPA;ISLAY;MEJIA;0;1;6;1514;0;1514;CON
444;020;MOLLENDO;MOLLENDO;040701;MOLLENDO;040706;AREQUIPA;ISLAY;PUNTA DE BOMBON;0;2;23;6761;0;6761;CON
445;021;CANGALLO;CANGALLO;050201;CANGALLO;050201;AYACUCHO;CANGALLO;CANGALLO;0;2;17;5082;0;5082;CON
446;021;CANGALLO;CANGALLO;050201;CANGALLO;050204;AYACUCHO;CANGALLO;CHUSCHI;6;8;25;6416;0;6416;CON
447;021;CANGALLO;CANGALLO;050201;CANGALLO;050206;AYACUCHO;CANGALLO;LOS MOROCHUCOS;3;4;27;7516;0;7516;CON
448;021;CANGALLO;CANGALLO;050201;CANGALLO;050207;AYACUCHO;CANGALLO;PARAS;7;9;19;5052;0;5052;CON
449;021;CANGALLO;CANGALLO;050201;CANGALLO;050208;AYACUCHO;CANGALLO;TOTOS;3;6;15;3556;0;3556;CON
450;021;CANGALLO;CANGALLO;050201;CANGALLO;050211;AYACUCHO;CANGALLO;MARIA PARADO DE BELLIDO;0;2;7;2055;0;2055;CON
451;021;CANGALLO;CANGALLO;050201;CANGALLO;050701;AYACUCHO;VICTOR FAJARDO;HUANCAPI;0;1;6;1663;0;1663;CON
452;021;CANGALLO;CANGALLO;050201;CANGALLO;050702;AYACUCHO;VICTOR FAJARDO;ALCAMENCA;2;3;8;1820;0;1820;CON
453;021;CANGALLO;CANGALLO;050201;CANGALLO;050703;AYACUCHO;VICTOR FAJARDO;APONGO;0;1;3;779;0;779;CON
454;021;CANGALLO;CANGALLO;050201;CANGALLO;050704;AYACUCHO;VICTOR FAJARDO;CANARIA;1;3;10;2508;0;2508;CON
455;021;CANGALLO;CANGALLO;050201;CANGALLO;050706;AYACUCHO;VICTOR FAJARDO;CAYARA;0;2;5;1330;0;1330;CON
456;021;CANGALLO;CANGALLO;050201;CANGALLO;050707;AYACUCHO;VICTOR FAJARDO;COLCA;0;2;6;1669;0;1669;CON
457;021;CANGALLO;CANGALLO;050201;CANGALLO;050708;AYACUCHO;VICTOR FAJARDO;HUALLA;1;3;8;2091;0;2091;CON
458;021;CANGALLO;CANGALLO;050201;CANGALLO;050709;AYACUCHO;VICTOR FAJARDO;HUAMANQUIQUIA;0;1;4;1037;0;1037;CON
459;021;CANGALLO;CANGALLO;050201;CANGALLO;050710;AYACUCHO;VICTOR FAJARDO;HUANCARAYLLA;0;1;6;1772;0;1772;CON
460;021;CANGALLO;CANGALLO;050201;CANGALLO;050713;AYACUCHO;VICTOR FAJARDO;SARHUA;2;4;10;2718;0;2718;CON
461;021;CANGALLO;CANGALLO;050201;CANGALLO;050714;AYACUCHO;VICTOR FAJARDO;VILCANCHOS;4;5;11;2675;0;2675;CON
462;021;CANGALLO;CANGALLO;050201;CANGALLO;050715;AYACUCHO;VICTOR FAJARDO;ASQUIPATA;0;1;2;470;0;470;CON
463;021;CANGALLO;CANGALLO;050201;CANGALLO;050801;AYACUCHO;HUANCA SANCOS;SANCOS;0;1;10;2747;0;2747;CON
464;021;CANGALLO;CANGALLO;050201;CANGALLO;050802;AYACUCHO;HUANCA SANCOS;SACSAMARCA;1;2;6;1368;0;1368;CON
465;021;CANGALLO;CANGALLO;050201;CANGALLO;050803;AYACUCHO;HUANCA SANCOS;SANTIAGO DE LUCANAMARCA;1;2;9;2247;0;2247;CON
466;021;CANGALLO;CANGALLO;050201;CANGALLO;050804;AYACUCHO;HUANCA SANCOS;CARAPO;3;4;9;2058;0;2058;CON
467;021;CANGALLO;CANGALLO;050201;CANGALLO;051101;AYACUCHO;SUCRE;QUEROBAMBA;0;1;8;2164;0;2164;CON
468;021;CANGALLO;CANGALLO;050201;CANGALLO;051102;AYACUCHO;SUCRE;BELEN;0;1;2;309;0;309;CON
469;021;CANGALLO;CANGALLO;050201;CANGALLO;051103;AYACUCHO;SUCRE;CHALCOS;0;1;2;486;0;486;CON
470;021;CANGALLO;CANGALLO;050201;CANGALLO;051104;AYACUCHO;SUCRE;SAN SALVADOR DE QUIJE;0;1;4;1120;0;1120;CON
471;021;CANGALLO;CANGALLO;050201;CANGALLO;051105;AYACUCHO;SUCRE;PAICO;1;2;3;619;0;619;CON
472;021;CANGALLO;CANGALLO;050201;CANGALLO;051106;AYACUCHO;SUCRE;SANTIAGO DE PAUCARAY;1;2;3;615;0;615;CON
473;021;CANGALLO;CANGALLO;050201;CANGALLO;051107;AYACUCHO;SUCRE;SAN PEDRO DE LARCAY;0;1;3;811;0;811;CON
474;021;CANGALLO;CANGALLO;050201;CANGALLO;051108;AYACUCHO;SUCRE;SORAS;0;1;3;852;0;852;CON
475;021;CANGALLO;CANGALLO;050201;CANGALLO;051109;AYACUCHO;SUCRE;HUACAÑA;0;1;2;399;0;399;CON
476;021;CANGALLO;CANGALLO;050201;CANGALLO;051110;AYACUCHO;SUCRE;CHILCAYOC;0;1;3;614;0;614;CON
477;021;CANGALLO;CANGALLO;050201;CANGALLO;051111;AYACUCHO;SUCRE;MORCOLLA;1;2;5;1167;0;1167;CON
478;022;HUAMANGA;ANDRES AVELINO CACERES DORREGARAY;050116;ANDRES AVELINO CACERES DORREGARAY;050101;AYACUCHO;HUAMANGA;AYACUCHO;1;15;250;74453;0;74453;CON
479;022;HUAMANGA;ANDRES AVELINO CACERES DORREGARAY;050116;ANDRES AVELINO CACERES DORREGARAY;050102;AYACUCHO;HUAMANGA;ACOS VINCHOS;0;1;15;4439;0;4439;CON
480;022;HUAMANGA;ANDRES AVELINO CACERES DORREGARAY;050116;ANDRES AVELINO CACERES DORREGARAY;050103;AYACUCHO;HUAMANGA;CARMEN ALTO;0;9;71;21023;0;21023;CON
481;022;HUAMANGA;ANDRES AVELINO CACERES DORREGARAY;050116;ANDRES AVELINO CACERES DORREGARAY;050104;AYACUCHO;HUAMANGA;CHIARA;4;6;22;5714;0;5714;CON
482;022;HUAMANGA;ANDRES AVELINO CACERES DORREGARAY;050116;ANDRES AVELINO CACERES DORREGARAY;050105;AYACUCHO;HUAMANGA;QUINUA;0;1;19;5401;0;5401;CON
483;022;HUAMANGA;ANDRES AVELINO CACERES DORREGARAY;050116;ANDRES AVELINO CACERES DORREGARAY;050106;AYACUCHO;HUAMANGA;SAN JOSE DE TICLLAS;0;1;8;2260;0;2260;CON
484;022;HUAMANGA;ANDRES AVELINO CACERES DORREGARAY;050116;ANDRES AVELINO CACERES DORREGARAY;050107;AYACUCHO;HUAMANGA;SAN JUAN BAUTISTA;0;15;123;36538;0;36538;CON
485;022;HUAMANGA;ANDRES AVELINO CACERES DORREGARAY;050116;ANDRES AVELINO CACERES DORREGARAY;050108;AYACUCHO;HUAMANGA;SANTIAGO DE PISCHA;1;3;7;1735;0;1735;CON
486;022;HUAMANGA;ANDRES AVELINO CACERES DORREGARAY;050116;ANDRES AVELINO CACERES DORREGARAY;050109;AYACUCHO;HUAMANGA;VINCHOS;6;11;54;15323;0;15323;CON
487;022;HUAMANGA;ANDRES AVELINO CACERES DORREGARAY;050116;ANDRES AVELINO CACERES DORREGARAY;050110;AYACUCHO;HUAMANGA;TAMBILLO;0;3;21;6132;0;6132;CON
488;022;HUAMANGA;ANDRES AVELINO CACERES DORREGARAY;050116;ANDRES AVELINO CACERES DORREGARAY;050111;AYACUCHO;HUAMANGA;ACOCRO;3;5;29;8341;0;8341;CON
489;022;HUAMANGA;ANDRES AVELINO CACERES DORREGARAY;050116;ANDRES AVELINO CACERES DORREGARAY;050112;AYACUCHO;HUAMANGA;SOCOS;1;5;26;7519;0;7519;CON
490;022;HUAMANGA;ANDRES AVELINO CACERES DORREGARAY;050116;ANDRES AVELINO CACERES DORREGARAY;050113;AYACUCHO;HUAMANGA;OCROS;5;7;22;5449;0;5449;CON
491;022;HUAMANGA;ANDRES AVELINO CACERES DORREGARAY;050116;ANDRES AVELINO CACERES DORREGARAY;050114;AYACUCHO;HUAMANGA;PACAYCASA;0;1;10;2955;0;2955;CON
492;022;HUAMANGA;ANDRES AVELINO CACERES DORREGARAY;050116;ANDRES AVELINO CACERES DORREGARAY;050115;AYACUCHO;HUAMANGA;JESUS NAZARENO;0;7;52;15106;0;15106;CON
493;022;HUAMANGA;ANDRES AVELINO CACERES DORREGARAY;050116;ANDRES AVELINO CACERES DORREGARAY;050116;AYACUCHO;HUAMANGA;ANDRES AVELINO CACERES DORREGARAY;0;3;54;16082;0;16082;CON
494;022;HUAMANGA;ANDRES AVELINO CACERES DORREGARAY;050116;ANDRES AVELINO CACERES DORREGARAY;050901;AYACUCHO;VILCAS HUAMAN;VILCAS HUAMAN;3;5;22;5955;0;5955;CON
495;022;HUAMANGA;ANDRES AVELINO CACERES DORREGARAY;050116;ANDRES AVELINO CACERES DORREGARAY;050902;AYACUCHO;VILCAS HUAMAN;VISCHONGO;1;2;14;3870;0;3870;CON
496;022;HUAMANGA;ANDRES AVELINO CACERES DORREGARAY;050116;ANDRES AVELINO CACERES DORREGARAY;050903;AYACUCHO;VILCAS HUAMAN;ACCOMARCA;1;3;5;1339;0;1339;CON
497;022;HUAMANGA;ANDRES AVELINO CACERES DORREGARAY;050116;ANDRES AVELINO CACERES DORREGARAY;050904;AYACUCHO;VILCAS HUAMAN;CARHUANCA;0;1;4;971;0;971;CON
498;022;HUAMANGA;ANDRES AVELINO CACERES DORREGARAY;050116;ANDRES AVELINO CACERES DORREGARAY;050905;AYACUCHO;VILCAS HUAMAN;CONCEPCION;0;2;9;2343;0;2343;CON
499;022;HUAMANGA;ANDRES AVELINO CACERES DORREGARAY;050116;ANDRES AVELINO CACERES DORREGARAY;050906;AYACUCHO;VILCAS HUAMAN;HUAMBALPA;1;2;7;1715;0;1715;CON
500;022;HUAMANGA;ANDRES AVELINO CACERES DORREGARAY;050116;ANDRES AVELINO CACERES DORREGARAY;050907;AYACUCHO;VILCAS HUAMAN;SAURAMA;0;1;5;1345;0;1345;CON
501;022;HUAMANGA;ANDRES AVELINO CACERES DORREGARAY;050116;ANDRES AVELINO CACERES DORREGARAY;050908;AYACUCHO;VILCAS HUAMAN;INDEPENDENCIA;0;2;5;1249;0;1249;CON
502;023;HUANTA;HUANTA;050301;HUANTA;050301;AYACUCHO;HUANTA;HUANTA;0;6;107;31854;0;31854;CON;INFLUENCIA
503;023;HUANTA;HUANTA;050301;HUANTA;050302;AYACUCHO;HUANTA;AYAHUANCO;0;2;7;2006;0;2006;CON;INTERV DIRECTA
504;023;HUANTA;HUANTA;050301;HUANTA;050303;AYACUCHO;HUANTA;HUAMANGUILLA;0;2;15;4290;0;4290;CON;INFLUENCIA
505;023;HUANTA;HUANTA;050301;HUANTA;050304;AYACUCHO;HUANTA;IGUAIN;0;2;12;3389;0;3389;CON;INFLUENCIA
506;023;HUANTA;HUANTA;050301;HUANTA;050305;AYACUCHO;HUANTA;LURICOCHA;0;3;22;6559;0;6559;CON;INFLUENCIA
507;023;HUANTA;HUANTA;050301;HUANTA;050307;AYACUCHO;HUANTA;SANTILLANA;1;3;14;3633;0;3633;CON;INTERV DIRECTA
508;023;HUANTA;HUANTA;050301;HUANTA;050308;AYACUCHO;HUANTA;SIVIA;6;7;31;8666;0;8666;CON;INTERV DIRECTA
509;023;HUANTA;HUANTA;050301;HUANTA;050309;AYACUCHO;HUANTA;LLOCHEGUA;1;4;27;7687;0;7687;CON;INTERV DIRECTA
510;023;HUANTA;HUANTA;050301;HUANTA;050310;AYACUCHO;HUANTA;CANAYRE;0;2;11;3040;0;3040;CON;INTERV DIRECTA
511;023;HUANTA;HUANTA;050301;HUANTA;050311;AYACUCHO;HUANTA;UCHURACCAY;7;9;14;3225;0;3225;CON;INTERV DIRECTA
512;023;HUANTA;HUANTA;050301;HUANTA;050312;AYACUCHO;HUANTA;PUCACOLPA;0;2;8;2306;0;2306;CON;INTERV DIRECTA
513;023;HUANTA;HUANTA;050301;HUANTA;050313;AYACUCHO;HUANTA;CHACA;1;2;8;2105;0;2105;CON;INTERV DIRECTA
514;023;HUANTA;HUANTA;050301;HUANTA;050314;AYACUCHO;HUANTA;PUTIS;0;1;3;623;0;623;CON;INTERV DIRECTA
515;023;HUANTA;HUANTA;050301;HUANTA;050401;AYACUCHO;LA MAR;SAN MIGUEL;0;2;25;7411;0;7411;CON;INFLUENCIA
516;023;HUANTA;HUANTA;050301;HUANTA;050402;AYACUCHO;LA MAR;ANCO;4;7;23;6207;0;6207;CON;INTERV DIRECTA
517;023;HUANTA;HUANTA;050301;HUANTA;050403;AYACUCHO;LA MAR;AYNA;0;2;24;6902;0;6902;CON;INTERV DIRECTA
518;023;HUANTA;HUANTA;050301;HUANTA;050404;AYACUCHO;LA MAR;CHILCAS;0;2;6;1797;0;1797;CON;INFLUENCIA
519;023;HUANTA;HUANTA;050301;HUANTA;050405;AYACUCHO;LA MAR;CHUNGUI;4;7;16;3820;0;3820;CON;INTERV DIRECTA
520;023;HUANTA;HUANTA;050301;HUANTA;050406;AYACUCHO;LA MAR;TAMBO;0;3;32;9418;0;9418;CON;INFLUENCIA
521;023;HUANTA;HUANTA;050301;HUANTA;050407;AYACUCHO;LA MAR;LUIS CARRANZA;0;1;5;1306;0;1306;CON;INFLUENCIA
522;023;HUANTA;HUANTA;050301;HUANTA;050408;AYACUCHO;LA MAR;SANTA ROSA;0;2;32;9331;0;9331;CON;INTERV DIRECTA
523;023;HUANTA;HUANTA;050301;HUANTA;050409;AYACUCHO;LA MAR;SAMUGARI;0;1;21;6251;0;6251;CON;INTERV DIRECTA
524;023;HUANTA;HUANTA;050301;HUANTA;050410;AYACUCHO;LA MAR;ANCHIHUAY;0;2;12;3248;0;3248;CON;INTERV DIRECTA
525;023;HUANTA;HUANTA;050301;HUANTA;050411;AYACUCHO;LA MAR;ORONCCOY;2;3;5;1080;0;1080;CON;INTERV DIRECTA
526;023;HUANTA;HUANTA;050301;HUANTA;050412;AYACUCHO;LA MAR;UNION PROGRESO;0;1;7;1907;0;1907;CON;INTERV DIRECTA
527;023;HUANTA;HUANTA;050301;HUANTA;050413;AYACUCHO;LA MAR;PATIBAMBA;0;1;5;1370;0;1370;CON;INTERV DIRECTA
528;023;HUANTA;HUANTA;050301;HUANTA;050414;AYACUCHO;LA MAR;NINABAMBA;0;1;6;1572;0;1572;CON;INTERV DIRECTA
529;023;HUANTA;HUANTA;050301;HUANTA;050415;AYACUCHO;LA MAR;RIO MAGDALENA;0;1;5;1265;0;1265;CON;INTERV DIRECTA
530;024;LUCANAS;PUQUIO;050501;PUQUIO;050501;AYACUCHO;LUCANAS;PUQUIO;1;4;35;10170;0;10170;CON
531;024;LUCANAS;PUQUIO;050501;PUQUIO;050502;AYACUCHO;LUCANAS;AUCARA;5;6;11;2287;0;2287;CON
532;024;LUCANAS;PUQUIO;050501;PUQUIO;050503;AYACUCHO;LUCANAS;CABANA;0;1;4;984;0;984;CON
533;024;LUCANAS;PUQUIO;050501;PUQUIO;050504;AYACUCHO;LUCANAS;CARMEN SALCEDO;0;1;4;1116;0;1116;CON
534;024;LUCANAS;PUQUIO;050501;PUQUIO;050506;AYACUCHO;LUCANAS;CHAVIÑA;0;2;7;1834;0;1834;CON
535;024;LUCANAS;PUQUIO;050501;PUQUIO;050508;AYACUCHO;LUCANAS;CHIPAO;2;3;10;2290;0;2290;CON
536;024;LUCANAS;PUQUIO;050501;PUQUIO;050510;AYACUCHO;LUCANAS;HUAC-HUAS;0;2;7;1707;0;1707;CON
537;024;LUCANAS;PUQUIO;050501;PUQUIO;050511;AYACUCHO;LUCANAS;LARAMATE;0;2;5;1289;0;1289;CON
538;024;LUCANAS;PUQUIO;050501;PUQUIO;050512;AYACUCHO;LUCANAS;LEONCIO PRADO;2;3;5;1017;0;1017;CON
539;024;LUCANAS;PUQUIO;050501;PUQUIO;050513;AYACUCHO;LUCANAS;LUCANAS;1;3;8;2261;0;2261;CON
540;024;LUCANAS;PUQUIO;050501;PUQUIO;050514;AYACUCHO;LUCANAS;LLAUTA;0;2;4;1132;0;1132;CON
541;024;LUCANAS;PUQUIO;050501;PUQUIO;050516;AYACUCHO;LUCANAS;OCAÑA;2;4;9;2126;0;2126;CON
542;024;LUCANAS;PUQUIO;050501;PUQUIO;050517;AYACUCHO;LUCANAS;OTOCA;0;1;5;1407;0;1407;CON
543;024;LUCANAS;PUQUIO;050501;PUQUIO;050520;AYACUCHO;LUCANAS;SANCOS;3;4;13;2930;0;2930;CON
544;024;LUCANAS;PUQUIO;050501;PUQUIO;050521;AYACUCHO;LUCANAS;SAN JUAN;0;1;3;760;0;760;CON
545;024;LUCANAS;PUQUIO;050501;PUQUIO;050522;AYACUCHO;LUCANAS;SAN PEDRO;2;4;10;2581;0;2581;CON
546;024;LUCANAS;PUQUIO;050501;PUQUIO;050524;AYACUCHO;LUCANAS;SANTA ANA DE HUAYCAHUACHO;0;1;2;488;0;488;CON
547;024;LUCANAS;PUQUIO;050501;PUQUIO;050525;AYACUCHO;LUCANAS;SANTA LUCIA;3;4;6;878;0;878;CON
548;024;LUCANAS;PUQUIO;050501;PUQUIO;050529;AYACUCHO;LUCANAS;SAISA;1;2;3;362;0;362;CON
549;024;LUCANAS;PUQUIO;050501;PUQUIO;050531;AYACUCHO;LUCANAS;SAN PEDRO DE PALCO;1;2;5;1135;0;1135;CON
550;024;LUCANAS;PUQUIO;050501;PUQUIO;050532;AYACUCHO;LUCANAS;SAN CRISTOBAL;0;2;6;1529;0;1529;CON
551;025;PARINACOCHAS;CORACORA;050601;CORACORA;050601;AYACUCHO;PARINACOCHAS;CORACORA;2;5;31;8791;0;8791;CON
552;025;PARINACOCHAS;CORACORA;050601;CORACORA;050604;AYACUCHO;PARINACOCHAS;CORONEL CASTAÑEDA;0;1;4;970;0;970;CON
553;025;PARINACOCHAS;CORACORA;050601;CORACORA;050605;AYACUCHO;PARINACOCHAS;CHUMPI;0;1;7;1951;0;1951;CON
554;025;PARINACOCHAS;CORACORA;050601;CORACORA;050608;AYACUCHO;PARINACOCHAS;PACAPAUSA;0;1;3;807;0;807;CON
555;025;PARINACOCHAS;CORACORA;050601;CORACORA;050611;AYACUCHO;PARINACOCHAS;PULLO;1;3;15;3950;0;3950;CON
556;025;PARINACOCHAS;CORACORA;050601;CORACORA;050612;AYACUCHO;PARINACOCHAS;PUYUSCA;0;1;6;1788;0;1788;CON
557;025;PARINACOCHAS;CORACORA;050601;CORACORA;050615;AYACUCHO;PARINACOCHAS;SAN FRANCISCO DE RIVACAYCO;1;2;4;918;0;918;CON
558;025;PARINACOCHAS;CORACORA;050601;CORACORA;050616;AYACUCHO;PARINACOCHAS;UPAHUACHO;4;5;7;1284;0;1284;CON
559;025;PARINACOCHAS;CORACORA;050601;CORACORA;051001;AYACUCHO;PAUCAR DEL SARA SARA;PAUSA;0;2;8;2183;0;2183;CON
560;025;PARINACOCHAS;CORACORA;050601;CORACORA;051002;AYACUCHO;PAUCAR DEL SARA SARA;COLTA;0;1;3;669;0;669;CON
561;025;PARINACOCHAS;CORACORA;050601;CORACORA;051003;AYACUCHO;PAUCAR DEL SARA SARA;CORCULLA;0;1;2;390;0;390;CON
562;025;PARINACOCHAS;CORACORA;050601;CORACORA;051004;AYACUCHO;PAUCAR DEL SARA SARA;LAMPA;1;2;6;1622;0;1622;CON
563;025;PARINACOCHAS;CORACORA;050601;CORACORA;051005;AYACUCHO;PAUCAR DEL SARA SARA;MARCABAMBA;0;1;2;484;0;484;CON
564;025;PARINACOCHAS;CORACORA;050601;CORACORA;051006;AYACUCHO;PAUCAR DEL SARA SARA;OYOLO;1;2;4;1059;0;1059;CON
565;025;PARINACOCHAS;CORACORA;050601;CORACORA;051007;AYACUCHO;PAUCAR DEL SARA SARA;PARARCA;0;1;2;433;0;433;CON
566;025;PARINACOCHAS;CORACORA;050601;CORACORA;051008;AYACUCHO;PAUCAR DEL SARA SARA;SAN JAVIER DE ALPABAMBA;0;1;3;604;0;604;CON
567;025;PARINACOCHAS;CORACORA;050601;CORACORA;051009;AYACUCHO;PAUCAR DEL SARA SARA;SAN JOSE DE USHUA;0;1;1;180;0;180;CON
568;025;PARINACOCHAS;CORACORA;050601;CORACORA;051010;AYACUCHO;PAUCAR DEL SARA SARA;SARA SARA;0;1;2;477;0;477;CON
569;026;CAJAMARCA;CAJAMARCA;060101;CAJAMARCA;060101;CAJAMARCA;CAJAMARCA;CAJAMARCA;7;53;592;176170;0;176170;CON
570;026;CAJAMARCA;CAJAMARCA;060101;CAJAMARCA;060102;CAJAMARCA;CAJAMARCA;ASUNCION;2;4;27;7517;0;7517;CON
571;026;CAJAMARCA;CAJAMARCA;060101;CAJAMARCA;060103;CAJAMARCA;CAJAMARCA;COSPAN;3;6;22;6012;0;6012;CON
572;026;CAJAMARCA;CAJAMARCA;060101;CAJAMARCA;060104;CAJAMARCA;CAJAMARCA;CHETILLA;2;4;13;3570;0;3570;CON
573;026;CAJAMARCA;CAJAMARCA;060101;CAJAMARCA;060105;CAJAMARCA;CAJAMARCA;ENCAÑADA;8;12;93;26911;0;26911;CON
574;026;CAJAMARCA;CAJAMARCA;060101;CAJAMARCA;060106;CAJAMARCA;CAJAMARCA;JESUS;1;6;45;13228;0;13228;CON
575;026;CAJAMARCA;CAJAMARCA;060101;CAJAMARCA;060107;CAJAMARCA;CAJAMARCA;LOS BAÑOS DEL INCA;3;19;121;35350;0;35350;CON
576;026;CAJAMARCA;CAJAMARCA;060101;CAJAMARCA;060108;CAJAMARCA;CAJAMARCA;LLACANORA;0;2;17;4927;0;4927;CON
577;026;CAJAMARCA;CAJAMARCA;060101;CAJAMARCA;060109;CAJAMARCA;CAJAMARCA;MAGDALENA;3;6;32;8701;0;8701;CON
578;026;CAJAMARCA;CAJAMARCA;060101;CAJAMARCA;060110;CAJAMARCA;CAJAMARCA;MATARA;0;2;13;3760;0;3760;CON
579;026;CAJAMARCA;CAJAMARCA;060101;CAJAMARCA;060111;CAJAMARCA;CAJAMARCA;NAMORA;2;4;31;9023;0;9023;CON
580;026;CAJAMARCA;CAJAMARCA;060101;CAJAMARCA;060112;CAJAMARCA;CAJAMARCA;SAN JUAN;1;4;17;4719;0;4719;CON
581;026;CAJAMARCA;CAJAMARCA;060101;CAJAMARCA;060201;CAJAMARCA;CAJABAMBA;CAJABAMBA;1;8;98;29116;0;29116;CON
582;026;CAJAMARCA;CAJAMARCA;060101;CAJAMARCA;060202;CAJAMARCA;CAJABAMBA;CACHACHI;6;11;62;17947;0;17947;CON
583;026;CAJAMARCA;CAJAMARCA;060101;CAJAMARCA;060203;CAJAMARCA;CAJABAMBA;CONDEBAMBA;2;5;35;10291;0;10291;CON
584;026;CAJAMARCA;CAJAMARCA;060101;CAJAMARCA;060205;CAJAMARCA;CAJABAMBA;SITACOCHA;2;4;23;6405;0;6405;CON
585;026;CAJAMARCA;CAJAMARCA;060101;CAJAMARCA;060301;CAJAMARCA;CELENDIN;CELENDIN;0;3;70;20527;0;20527;CON
586;026;CAJAMARCA;CAJAMARCA;060101;CAJAMARCA;060302;CAJAMARCA;CELENDIN;CORTEGANA;6;8;25;6201;0;6201;CON
587;026;CAJAMARCA;CAJAMARCA;060101;CAJAMARCA;060303;CAJAMARCA;CELENDIN;CHUMUCH;2;4;10;2617;0;2617;CON
588;026;CAJAMARCA;CAJAMARCA;060101;CAJAMARCA;060304;CAJAMARCA;CELENDIN;HUASMIN;8;11;41;10431;0;10431;CON
589;026;CAJAMARCA;CAJAMARCA;060101;CAJAMARCA;060305;CAJAMARCA;CELENDIN;JORGE CHAVEZ;0;1;3;840;0;840;CON
590;026;CAJAMARCA;CAJAMARCA;060101;CAJAMARCA;060306;CAJAMARCA;CELENDIN;JOSE GALVEZ;0;2;9;2677;0;2677;CON
591;026;CAJAMARCA;CAJAMARCA;060101;CAJAMARCA;060307;CAJAMARCA;CELENDIN;MIGUEL IGLESIAS;3;5;15;3867;0;3867;CON
592;026;CAJAMARCA;CAJAMARCA;060101;CAJAMARCA;060308;CAJAMARCA;CELENDIN;OXAMARCA;1;2;18;5271;0;5271;CON
593;026;CAJAMARCA;CAJAMARCA;060101;CAJAMARCA;060309;CAJAMARCA;CELENDIN;SOROCHUCO;6;8;32;8581;0;8581;CON
594;026;CAJAMARCA;CAJAMARCA;060101;CAJAMARCA;060310;CAJAMARCA;CELENDIN;SUCRE;2;5;16;4586;0;4586;CON
595;026;CAJAMARCA;CAJAMARCA;060101;CAJAMARCA;060311;CAJAMARCA;CELENDIN;UTCO;1;2;6;1376;0;1376;CON
596;026;CAJAMARCA;CAJAMARCA;060101;CAJAMARCA;060312;CAJAMARCA;CELENDIN;LA LIBERTAD DE PALLAN;2;5;22;6057;0;6057;CON
597;026;CAJAMARCA;CAJAMARCA;060101;CAJAMARCA;061201;CAJAMARCA;SAN MARCOS;PEDRO GALVEZ;5;13;56;15774;0;15774;CON
598;026;CAJAMARCA;CAJAMARCA;060101;CAJAMARCA;061202;CAJAMARCA;SAN MARCOS;ICHOCAN;1;3;8;1859;0;1859;CON
599;026;CAJAMARCA;CAJAMARCA;060101;CAJAMARCA;061203;CAJAMARCA;SAN MARCOS;GREGORIO PITA;6;8;21;5226;0;5226;CON
600;026;CAJAMARCA;CAJAMARCA;060101;CAJAMARCA;061204;CAJAMARCA;SAN MARCOS;JOSE MANUEL QUIROZ;1;4;13;3205;0;3205;CON
601;026;CAJAMARCA;CAJAMARCA;060101;CAJAMARCA;061205;CAJAMARCA;SAN MARCOS;EDUARDO VILLANUEVA;1;3;10;2513;0;2513;CON
602;026;CAJAMARCA;CAJAMARCA;060101;CAJAMARCA;061206;CAJAMARCA;SAN MARCOS;JOSE SABOGAL;10;14;45;11808;0;11808;CON
603;026;CAJAMARCA;CAJAMARCA;060101;CAJAMARCA;061207;CAJAMARCA;SAN MARCOS;CHANCAY;1;3;9;2653;0;2653;CON
604;027;CHOTA;CHOTA;060601;CHOTA;060601;CAJAMARCA;CHOTA;CHOTA;1;11;144;42497;0;42497;CON
605;027;CHOTA;CHOTA;060601;CHOTA;060602;CAJAMARCA;CHOTA;ANGUIA;0;2;11;3144;0;3144;CON
606;027;CHOTA;CHOTA;060601;CHOTA;060603;CAJAMARCA;CHOTA;COCHABAMBA;0;2;17;4888;0;4888;CON
607;027;CHOTA;CHOTA;060601;CHOTA;060604;CAJAMARCA;CHOTA;CONCHAN;2;5;18;4948;0;4948;CON
608;027;CHOTA;CHOTA;060601;CHOTA;060605;CAJAMARCA;CHOTA;CHADIN;2;5;13;3608;0;3608;CON
609;027;CHOTA;CHOTA;060601;CHOTA;060606;CAJAMARCA;CHOTA;CHIGUIRIP;0;2;13;3793;0;3793;CON
610;027;CHOTA;CHOTA;060601;CHOTA;060607;CAJAMARCA;CHOTA;CHIMBAN;0;1;7;2054;0;2054;CON
611;027;CHOTA;CHOTA;060601;CHOTA;060608;CAJAMARCA;CHOTA;HUAMBOS;0;4;24;6953;0;6953;CON
612;027;CHOTA;CHOTA;060601;CHOTA;060609;CAJAMARCA;CHOTA;LAJAS;1;5;39;11380;0;11380;CON
613;027;CHOTA;CHOTA;060601;CHOTA;060610;CAJAMARCA;CHOTA;LLAMA;2;4;19;5374;0;5374;CON
614;027;CHOTA;CHOTA;060601;CHOTA;060611;CAJAMARCA;CHOTA;MIRACOSTA;5;7;14;3464;0;3464;CON
615;027;CHOTA;CHOTA;060601;CHOTA;060612;CAJAMARCA;CHOTA;PACCHA;2;4;16;4454;0;4454;CON
616;027;CHOTA;CHOTA;060601;CHOTA;060613;CAJAMARCA;CHOTA;PION;0;1;5;1244;0;1244;CON
617;027;CHOTA;CHOTA;060601;CHOTA;060614;CAJAMARCA;CHOTA;QUEROCOTO;2;6;30;8474;0;8474;CON
618;027;CHOTA;CHOTA;060601;CHOTA;060615;CAJAMARCA;CHOTA;TACABAMBA;1;6;46;13322;0;13322;CON
619;027;CHOTA;CHOTA;060601;CHOTA;060616;CAJAMARCA;CHOTA;TOCMOCHE;0;1;4;1162;0;1162;CON
620;027;CHOTA;CHOTA;060601;CHOTA;060617;CAJAMARCA;CHOTA;SAN JUAN DE LICUPIS;1;2;5;1089;0;1089;CON
621;027;CHOTA;CHOTA;060601;CHOTA;060618;CAJAMARCA;CHOTA;CHOROPAMPA;0;1;9;2608;0;2608;CON
622;027;CHOTA;CHOTA;060601;CHOTA;060619;CAJAMARCA;CHOTA;CHALAMARCA;3;7;30;8815;0;8815;CON
623;027;CHOTA;CHOTA;060601;CHOTA;060701;CAJAMARCA;HUALGAYOC;BAMBAMARCA;12;28;205;59392;0;59392;CON
624;027;CHOTA;CHOTA;060601;CHOTA;060702;CAJAMARCA;HUALGAYOC;CHUGUR;0;2;11;3256;0;3256;CON
625;027;CHOTA;CHOTA;060601;CHOTA;060703;CAJAMARCA;HUALGAYOC;HUALGAYOC;1;6;48;13856;0;13856;CON
626;027;CHOTA;CHOTA;060601;CHOTA;060901;CAJAMARCA;SANTA CRUZ;SANTA CRUZ;0;4;24;7058;0;7058;CON
627;027;CHOTA;CHOTA;060601;CHOTA;060902;CAJAMARCA;SANTA CRUZ;CATACHE;2;4;27;7688;0;7688;CON
628;027;CHOTA;CHOTA;060601;CHOTA;060903;CAJAMARCA;SANTA CRUZ;CHANCAYBAÑOS;0;2;12;3485;0;3485;CON
629;027;CHOTA;CHOTA;060601;CHOTA;060904;CAJAMARCA;SANTA CRUZ;LA ESPERANZA;2;4;10;2541;0;2541;CON
630;027;CHOTA;CHOTA;060601;CHOTA;060905;CAJAMARCA;SANTA CRUZ;NINABAMBA;2;3;10;2438;0;2438;CON
631;027;CHOTA;CHOTA;060601;CHOTA;060906;CAJAMARCA;SANTA CRUZ;PULAN;0;2;13;3667;0;3667;CON
632;027;CHOTA;CHOTA;060601;CHOTA;060907;CAJAMARCA;SANTA CRUZ;SEXI;0;1;2;486;0;486;CON
633;027;CHOTA;CHOTA;060601;CHOTA;060908;CAJAMARCA;SANTA CRUZ;UTICYACU;0;1;5;1248;0;1248;CON
634;027;CHOTA;CHOTA;060601;CHOTA;060909;CAJAMARCA;SANTA CRUZ;YAUYUCAN;0;1;10;2730;0;2730;CON
635;027;CHOTA;CHOTA;060601;CHOTA;060910;CAJAMARCA;SANTA CRUZ;ANDABAMBA;0;2;5;1340;0;1340;CON
636;027;CHOTA;CHOTA;060601;CHOTA;060911;CAJAMARCA;SANTA CRUZ;SAUCEPAMPA;0;2;7;1939;0;1939;CON
637;028;CUTERVO;CUTERVO;060501;CUTERVO;060501;CAJAMARCA;CUTERVO;CUTERVO;6;18;151;43918;0;43918;CON
638;028;CUTERVO;CUTERVO;060501;CUTERVO;060502;CAJAMARCA;CUTERVO;CALLAYUC;0;5;27;7809;0;7809;CON
639;028;CUTERVO;CUTERVO;060501;CUTERVO;060503;CAJAMARCA;CUTERVO;CUJILLO;1;3;9;2215;0;2215;CON
640;028;CUTERVO;CUTERVO;060501;CUTERVO;060504;CAJAMARCA;CUTERVO;CHOROS;1;3;12;3390;0;3390;CON
641;028;CUTERVO;CUTERVO;060501;CUTERVO;060505;CAJAMARCA;CUTERVO;LA RAMADA;1;3;12;3320;0;3320;CON
642;028;CUTERVO;CUTERVO;060501;CUTERVO;060506;CAJAMARCA;CUTERVO;PIMPINGOS;0;3;17;4775;0;4775;CON
643;028;CUTERVO;CUTERVO;060501;CUTERVO;060507;CAJAMARCA;CUTERVO;QUEROCOTILLO;4;10;41;11502;0;11502;CON
644;028;CUTERVO;CUTERVO;060501;CUTERVO;060508;CAJAMARCA;CUTERVO;SAN ANDRES DE CUTERVO;0;2;14;4037;0;4037;CON
645;028;CUTERVO;CUTERVO;060501;CUTERVO;060509;CAJAMARCA;CUTERVO;SAN JUAN DE CUTERVO;0;2;7;1932;0;1932;CON
646;028;CUTERVO;CUTERVO;060501;CUTERVO;060510;CAJAMARCA;CUTERVO;SAN LUIS DE LUCMA;0;2;10;2691;0;2691;CON
647;028;CUTERVO;CUTERVO;060501;CUTERVO;060511;CAJAMARCA;CUTERVO;SANTA CRUZ;0;2;10;2727;0;2727;CON
648;028;CUTERVO;CUTERVO;060501;CUTERVO;060512;CAJAMARCA;CUTERVO;SANTO DOMINGO DE LA CAPILLA;0;2;16;4659;0;4659;CON
649;028;CUTERVO;CUTERVO;060501;CUTERVO;060513;CAJAMARCA;CUTERVO;SANTO TOMAS;1;3;22;6466;0;6466;CON
650;028;CUTERVO;CUTERVO;060501;CUTERVO;060514;CAJAMARCA;CUTERVO;SOCOTA;2;5;29;8137;0;8137;CON
651;028;CUTERVO;CUTERVO;060501;CUTERVO;060515;CAJAMARCA;CUTERVO;TORIBIO CASANOVA;0;1;4;1132;0;1132;CON
652;029;JAEN;JAEN;060801;JAEN;060801;CAJAMARCA;JAEN;JAEN;7;28;297;87302;0;87302;CON
653;029;JAEN;JAEN;060801;JAEN;060802;CAJAMARCA;JAEN;BELLAVISTA;3;8;48;13930;0;13930;CON
654;029;JAEN;JAEN;060801;JAEN;060803;CAJAMARCA;JAEN;COLASAY;4;6;37;10048;0;10048;CON
655;029;JAEN;JAEN;060801;JAEN;060804;CAJAMARCA;JAEN;CHONTALI;1;5;31;8906;0;8906;CON
656;029;JAEN;JAEN;060801;JAEN;060805;CAJAMARCA;JAEN;POMAHUACA;2;4;29;8168;0;8168;CON
657;029;JAEN;JAEN;060801;JAEN;060806;CAJAMARCA;JAEN;PUCARA;0;3;23;6618;0;6618;CON
658;029;JAEN;JAEN;060801;JAEN;060807;CAJAMARCA;JAEN;SALLIQUE;3;8;24;6175;0;6175;CON
659;029;JAEN;JAEN;060801;JAEN;060808;CAJAMARCA;JAEN;SAN FELIPE;0;3;15;4347;0;4347;CON
660;029;JAEN;JAEN;060801;JAEN;060809;CAJAMARCA;JAEN;SAN JOSE DEL ALTO;4;7;24;6696;0;6696;CON
661;029;JAEN;JAEN;060801;JAEN;060810;CAJAMARCA;JAEN;SANTA ROSA;2;7;33;9212;0;9212;CON
662;029;JAEN;JAEN;060801;JAEN;060811;CAJAMARCA;JAEN;LAS PIRIAS;1;3;18;5131;0;5131;CON
663;029;JAEN;JAEN;060801;JAEN;060812;CAJAMARCA;JAEN;HUABAL;0;3;26;7759;0;7759;CON
664;029;JAEN;JAEN;060801;JAEN;061101;CAJAMARCA;SAN IGNACIO;SAN IGNACIO;1;10;100;29548;0;29548;CON
665;029;JAEN;JAEN;060801;JAEN;061102;CAJAMARCA;SAN IGNACIO;CHIRINOS;3;6;45;12932;0;12932;CON
666;029;JAEN;JAEN;060801;JAEN;061103;CAJAMARCA;SAN IGNACIO;HUARANGO;6;9;59;16804;0;16804;CON
667;029;JAEN;JAEN;060801;JAEN;061104;CAJAMARCA;SAN IGNACIO;NAMBALLE;3;4;29;7962;0;7962;CON
668;029;JAEN;JAEN;060801;JAEN;061105;CAJAMARCA;SAN IGNACIO;LA COIPA;4;9;62;17831;0;17831;CON
669;029;JAEN;JAEN;060801;JAEN;061106;CAJAMARCA;SAN IGNACIO;SAN JOSE DE LOURDES;7;11;56;15419;0;15419;CON
670;029;JAEN;JAEN;060801;JAEN;061107;CAJAMARCA;SAN IGNACIO;TABACONAS;5;10;57;16105;0;16105;CON
671;030;SAN PABLO;SAN PABLO;061301;SAN PABLO;060401;CAJAMARCA;CONTUMAZA;CONTUMAZA;2;5;20;5697;0;5697;CON
672;030;SAN PABLO;SAN PABLO;061301;SAN PABLO;060403;CAJAMARCA;CONTUMAZA;CHILETE;0;1;9;2613;0;2613;CON
673;030;SAN PABLO;SAN PABLO;061301;SAN PABLO;060404;CAJAMARCA;CONTUMAZA;GUZMANGO;1;2;8;2215;0;2215;CON
674;030;SAN PABLO;SAN PABLO;061301;SAN PABLO;060405;CAJAMARCA;CONTUMAZA;SAN BENITO;2;4;10;2612;0;2612;CON
675;030;SAN PABLO;SAN PABLO;061301;SAN PABLO;060406;CAJAMARCA;CONTUMAZA;CUPISNIQUE;1;2;5;1328;0;1328;CON
676;030;SAN PABLO;SAN PABLO;061301;SAN PABLO;060407;CAJAMARCA;CONTUMAZA;TANTARICA;1;2;8;2186;0;2186;CON
677;030;SAN PABLO;SAN PABLO;061301;SAN PABLO;060408;CAJAMARCA;CONTUMAZA;YONAN;0;2;18;5163;0;5163;CON
678;030;SAN PABLO;SAN PABLO;061301;SAN PABLO;060409;CAJAMARCA;CONTUMAZA;SANTA CRUZ DE TOLED;0;1;4;1036;0;1036;CON
679;030;SAN PABLO;SAN PABLO;061301;SAN PABLO;061001;CAJAMARCA;SAN MIGUEL;SAN MIGUEL;2;6;35;10034;0;10034;CON
680;030;SAN PABLO;SAN PABLO;061301;SAN PABLO;061002;CAJAMARCA;SAN MIGUEL;CALQUIS;2;4;14;3750;0;3750;CON
681;030;SAN PABLO;SAN PABLO;061301;SAN PABLO;061003;CAJAMARCA;SAN MIGUEL;LA FLORIDA;0;2;8;2341;0;2341;CON
682;030;SAN PABLO;SAN PABLO;061301;SAN PABLO;061004;CAJAMARCA;SAN MIGUEL;LLAPA;3;5;15;3917;0;3917;CON
683;030;SAN PABLO;SAN PABLO;061301;SAN PABLO;061005;CAJAMARCA;SAN MIGUEL;NANCHOC;0;1;5;1449;0;1449;CON
684;030;SAN PABLO;SAN PABLO;061301;SAN PABLO;061006;CAJAMARCA;SAN MIGUEL;NIEPOS;2;3;11;2963;0;2963;CON
685;030;SAN PABLO;SAN PABLO;061301;SAN PABLO;061007;CAJAMARCA;SAN MIGUEL;SAN GREGORIO;1;3;8;2165;0;2165;CON
686;030;SAN PABLO;SAN PABLO;061301;SAN PABLO;061008;CAJAMARCA;SAN MIGUEL;SAN SILVESTRE DE COCHAN;3;5;15;3685;0;3685;CON
687;030;SAN PABLO;SAN PABLO;061301;SAN PABLO;061009;CAJAMARCA;SAN MIGUEL;EL PRADO;2;3;11;2695;0;2695;CON
688;030;SAN PABLO;SAN PABLO;061301;SAN PABLO;061010;CAJAMARCA;SAN MIGUEL;UNION AGUA BLANCA;1;3;10;2866;0;2866;CON
689;030;SAN PABLO;SAN PABLO;061301;SAN PABLO;061011;CAJAMARCA;SAN MIGUEL;TONGOD;3;4;12;2929;0;2929;CON
690;030;SAN PABLO;SAN PABLO;061301;SAN PABLO;061012;CAJAMARCA;SAN MIGUEL;CATILLUC;2;4;11;2859;0;2859;CON
691;030;SAN PABLO;SAN PABLO;061301;SAN PABLO;061013;CAJAMARCA;SAN MIGUEL;BOLIVAR;0;1;5;1302;0;1302;CON
692;030;SAN PABLO;SAN PABLO;061301;SAN PABLO;061301;CAJAMARCA;SAN PABLO;SAN PABLO;3;7;39;11088;0;11088;CON
693;030;SAN PABLO;SAN PABLO;061301;SAN PABLO;061302;CAJAMARCA;SAN PABLO;SAN BERNARDINO;2;4;16;4240;0;4240;CON
694;030;SAN PABLO;SAN PABLO;061301;SAN PABLO;061303;CAJAMARCA;SAN PABLO;SAN LUIS;0;1;5;1313;0;1313;CON
695;030;SAN PABLO;SAN PABLO;061301;SAN PABLO;061304;CAJAMARCA;SAN PABLO;TUMBADEN;2;4;13;3832;0;3832;CON
696;031;CANCHIS;SICUANI;070601;SICUANI;070201;CUSCO;ACOMAYO;ACOMAYO;0;2;14;4047;0;4047;CON
697;031;CANCHIS;SICUANI;070601;SICUANI;070202;CUSCO;ACOMAYO;ACOPIA;1;2;8;2282;0;2282;CON
698;031;CANCHIS;SICUANI;070601;SICUANI;070203;CUSCO;ACOMAYO;ACOS;0;2;8;2097;0;2097;CON
699;031;CANCHIS;SICUANI;070601;SICUANI;070204;CUSCO;ACOMAYO;POMACANCHI;2;4;22;6484;0;6484;CON
700;031;CANCHIS;SICUANI;070601;SICUANI;070205;CUSCO;ACOMAYO;RONDOCAN;1;3;9;2427;0;2427;CON
701;031;CANCHIS;SICUANI;070601;SICUANI;070206;CUSCO;ACOMAYO;SANGARARA;1;3;11;2921;0;2921;CON
702;031;CANCHIS;SICUANI;070601;SICUANI;070207;CUSCO;ACOMAYO;MOSOC LLACTA;0;1;4;1189;0;1189;CON
703;031;CANCHIS;SICUANI;070601;SICUANI;070501;CUSCO;CANAS;YANAOCA;2;5;27;7579;0;7579;CON
704;031;CANCHIS;SICUANI;070601;SICUANI;070502;CUSCO;CANAS;CHECCA;3;5;18;5014;0;5014;CON
705;031;CANCHIS;SICUANI;070601;SICUANI;070503;CUSCO;CANAS;KUNTURKANKI;0;2;16;4467;0;4467;CON
706;031;CANCHIS;SICUANI;070601;SICUANI;070504;CUSCO;CANAS;LANGUI;0;2;9;2583;0;2583;CON
707;031;CANCHIS;SICUANI;070601;SICUANI;070505;CUSCO;CANAS;LAYO;1;4;18;4921;0;4921;CON
708;031;CANCHIS;SICUANI;070601;SICUANI;070506;CUSCO;CANAS;PAMPAMARCA;1;2;6;1695;0;1695;CON
709;031;CANCHIS;SICUANI;070601;SICUANI;070507;CUSCO;CANAS;QUEHUE;1;2;10;2653;0;2653;CON
710;031;CANCHIS;SICUANI;070601;SICUANI;070508;CUSCO;CANAS;TUPAC AMARU;2;3;10;2592;0;2592;CON
711;031;CANCHIS;SICUANI;070601;SICUANI;070601;CUSCO;CANCHIS;SICUANI;1;13;161;47402;0;47402;CON
712;031;CANCHIS;SICUANI;070601;SICUANI;070602;CUSCO;CANCHIS;COMBAPATA;0;2;15;4231;0;4231;CON
713;031;CANCHIS;SICUANI;070601;SICUANI;070603;CUSCO;CANCHIS;CHECACUPE;0;2;15;4364;0;4364;CON
714;031;CANCHIS;SICUANI;070601;SICUANI;070604;CUSCO;CANCHIS;MARANGANI;0;3;31;9216;0;9216;CON
715;031;CANCHIS;SICUANI;070601;SICUANI;070605;CUSCO;CANCHIS;PITUMARCA;1;3;23;6530;0;6530;CON
716;031;CANCHIS;SICUANI;070601;SICUANI;070606;CUSCO;CANCHIS;SAN PABLO;1;3;16;4547;0;4547;CON
717;031;CANCHIS;SICUANI;070601;SICUANI;070607;CUSCO;CANCHIS;SAN PEDRO;0;2;10;2843;0;2843;CON
718;031;CANCHIS;SICUANI;070601;SICUANI;070608;CUSCO;CANCHIS;TINTA;0;2;16;4702;0;4702;CON
719;032;CUSCO;WANCHAQ;070108;WANCHAQ;070101;CUSCO;CUSCO;CUSCO;0;25;330;98819;0;98819;CON
720;032;CUSCO;WANCHAQ;070108;WANCHAQ;070102;CUSCO;CUSCO;CCORCA;0;2;10;2762;0;2762;CON
721;032;CUSCO;WANCHAQ;070108;WANCHAQ;070103;CUSCO;CUSCO;POROY;0;3;27;7877;0;7877;CON
722;032;CUSCO;WANCHAQ;070108;WANCHAQ;070104;CUSCO;CUSCO;SAN JERONIMO;0;14;135;40279;0;40279;CON
723;032;CUSCO;WANCHAQ;070108;WANCHAQ;070105;CUSCO;CUSCO;SAN SEBASTIAN;0;19;261;77826;0;77826;CON
724;032;CUSCO;WANCHAQ;070108;WANCHAQ;070106;CUSCO;CUSCO;SANTIAGO;0;30;258;76637;0;76637;CON
725;032;CUSCO;WANCHAQ;070108;WANCHAQ;070107;CUSCO;CUSCO;SAYLLA;0;3;19;5408;0;5408;CON
726;032;CUSCO;WANCHAQ;070108;WANCHAQ;070108;CUSCO;CUSCO;WANCHAQ;0;23;213;63349;0;63349;CON
727;032;CUSCO;WANCHAQ;070108;WANCHAQ;070301;CUSCO;ANTA;ANTA;1;7;61;17789;0;17789;CON
728;032;CUSCO;WANCHAQ;070108;WANCHAQ;070302;CUSCO;ANTA;CHINCHAYPUJIO;0;2;16;4754;0;4754;CON
729;032;CUSCO;WANCHAQ;070108;WANCHAQ;070303;CUSCO;ANTA;HUAROCONDO;0;3;19;5345;0;5345;CON
730;032;CUSCO;WANCHAQ;070108;WANCHAQ;070304;CUSCO;ANTA;LIMATAMBO;1;2;26;7612;0;7612;CON
731;032;CUSCO;WANCHAQ;070108;WANCHAQ;070305;CUSCO;ANTA;MOLLEPATA;0;1;11;3166;0;3166;CON
732;032;CUSCO;WANCHAQ;070108;WANCHAQ;070306;CUSCO;ANTA;PUCYURA;0;2;13;3601;0;3601;CON
733;032;CUSCO;WANCHAQ;070108;WANCHAQ;070307;CUSCO;ANTA;ZURITE;1;3;13;3699;0;3699;CON
734;032;CUSCO;WANCHAQ;070108;WANCHAQ;070308;CUSCO;ANTA;CACHIMAYO;0;2;9;2508;0;2508;CON
735;032;CUSCO;WANCHAQ;070108;WANCHAQ;070309;CUSCO;ANTA;ANCAHUASI;0;3;23;6763;0;6763;CON
736;032;CUSCO;WANCHAQ;070108;WANCHAQ;071001;CUSCO;PARURO;PARURO;0;1;11;3041;0;3041;CON
737;032;CUSCO;WANCHAQ;070108;WANCHAQ;071002;CUSCO;PARURO;ACCHA;0;1;11;3179;0;3179;CON
738;032;CUSCO;WANCHAQ;070108;WANCHAQ;071003;CUSCO;PARURO;CCAPI;2;5;14;3533;0;3533;CON
739;032;CUSCO;WANCHAQ;070108;WANCHAQ;071004;CUSCO;PARURO;COLCHA;0;1;4;1172;0;1172;CON
740;032;CUSCO;WANCHAQ;070108;WANCHAQ;071005;CUSCO;PARURO;HUANOQUITE;1;2;19;5321;0;5321;CON
741;032;CUSCO;WANCHAQ;070108;WANCHAQ;071006;CUSCO;PARURO;OMACHA;3;6;21;5303;0;5303;CON
742;032;CUSCO;WANCHAQ;070108;WANCHAQ;071007;CUSCO;PARURO;YAURISQUE;0;2;10;2890;0;2890;CON
743;032;CUSCO;WANCHAQ;070108;WANCHAQ;071008;CUSCO;PARURO;PACCARITAMBO;0;2;8;2327;0;2327;CON
744;032;CUSCO;WANCHAQ;070108;WANCHAQ;071009;CUSCO;PARURO;PILLPINTO;0;1;5;1251;0;1251;CON
745;033;ESPINAR;YAURI;070801;ESPINAR;070701;CUSCO;CHUMBIVILCAS;SANTO TOMAS;3;7;59;16984;0;16984;CON
746;033;ESPINAR;YAURI;070801;ESPINAR;070702;CUSCO;CHUMBIVILCAS;CAPACMARCA;1;3;17;4760;0;4760;CON
747;033;ESPINAR;YAURI;070801;ESPINAR;070703;CUSCO;CHUMBIVILCAS;COLQUEMARCA;3;5;33;9183;0;9183;CON
748;033;ESPINAR;YAURI;070801;ESPINAR;070704;CUSCO;CHUMBIVILCAS;CHAMACA;4;6;26;6880;0;6880;CON
749;033;ESPINAR;YAURI;070801;ESPINAR;070705;CUSCO;CHUMBIVILCAS;LIVITACA;4;7;39;10710;0;10710;CON
750;033;ESPINAR;YAURI;070801;ESPINAR;070706;CUSCO;CHUMBIVILCAS;LLUSCO;1;4;21;5910;0;5910;CON
751;033;ESPINAR;YAURI;070801;ESPINAR;070707;CUSCO;CHUMBIVILCAS;QUIÑOTA;0;2;13;3678;0;3678;CON
752;033;ESPINAR;YAURI;070801;ESPINAR;070708;CUSCO;CHUMBIVILCAS;VELILLE;0;2;26;7523;0;7523;CON
753;033;ESPINAR;YAURI;070801;ESPINAR;070801;CUSCO;ESPINAR;ESPINAR;0;6;94;28120;0;28120;CON
754;033;ESPINAR;YAURI;070801;ESPINAR;070802;CUSCO;ESPINAR;CONDOROMA;0;1;4;1095;0;1095;CON
755;033;ESPINAR;YAURI;070801;ESPINAR;070803;CUSCO;ESPINAR;COPORAQUE;4;5;53;14605;0;14605;CON
756;033;ESPINAR;YAURI;070801;ESPINAR;070804;CUSCO;ESPINAR;OCORURO;0;2;6;1677;0;1677;CON
757;033;ESPINAR;YAURI;070801;ESPINAR;070805;CUSCO;ESPINAR;PALLPATA;0;2;22;6507;0;6507;CON
758;033;ESPINAR;YAURI;070801;ESPINAR;070806;CUSCO;ESPINAR;PICHIGUA;1;3;16;4272;0;4272;CON
759;033;ESPINAR;YAURI;070801;ESPINAR;070807;CUSCO;ESPINAR;SUYCKUTAMBO;0;1;10;2932;0;2932;CON
760;033;ESPINAR;YAURI;070801;ESPINAR;070808;CUSCO;ESPINAR;ALTO PICHIGUA;0;2;11;2941;0;2941;CON
761;034;LA CONVENCION;QUILLABAMBA;070901;SANTA ANA;070901;CUSCO;LA CONVENCION;SANTA ANA;2;10;106;31341;0;31341;CON
762;034;LA CONVENCION;QUILLABAMBA;070901;SANTA ANA;070902;CUSCO;LA CONVENCION;ECHARATE;6;13;102;28702;0;28702;CON
763;034;LA CONVENCION;QUILLABAMBA;070901;SANTA ANA;070903;CUSCO;LA CONVENCION;HUAYOPATA;0;3;18;5167;0;5167;CON
764;034;LA CONVENCION;QUILLABAMBA;070901;SANTA ANA;070904;CUSCO;LA CONVENCION;MARANURA;0;3;21;6021;0;6021;CON
765;034;LA CONVENCION;QUILLABAMBA;070901;SANTA ANA;070905;CUSCO;LA CONVENCION;OCOBAMBA;1;4;18;4853;0;4853;CON
766;034;LA CONVENCION;QUILLABAMBA;070901;SANTA ANA;070906;CUSCO;LA CONVENCION;SANTA TERESA;1;3;24;6856;0;6856;CON
767;034;LA CONVENCION;QUILLABAMBA;070901;SANTA ANA;070907;CUSCO;LA CONVENCION;VILCABAMBA;2;6;36;10228;0;10228;CON
768;034;LA CONVENCION;QUILLABAMBA;070901;SANTA ANA;070908;CUSCO;LA CONVENCION;QUELLOUNO;1;4;42;12149;0;12149;CON
769;034;LA CONVENCION;QUILLABAMBA;070901;SANTA ANA;070909;CUSCO;LA CONVENCION;KIMBIRI;1;4;44;13113;0;13113;CON;INTERV DIRECTA
770;034;LA CONVENCION;QUILLABAMBA;070901;SANTA ANA;070910;CUSCO;LA CONVENCION;PICHARI;0;5;75;21712;0;21712;CON;INTERV DIRECTA
771;034;LA CONVENCION;QUILLABAMBA;070901;SANTA ANA;070911;CUSCO;LA CONVENCION;INKAWASI;2;4;16;4139;0;4139;CON;INTERV DIRECTA
772;034;LA CONVENCION;QUILLABAMBA;070901;SANTA ANA;070912;CUSCO;LA CONVENCION;VILLA VIRGEN;0;2;8;2244;0;2244;CON;INTERV DIRECTA
773;034;LA CONVENCION;QUILLABAMBA;070901;SANTA ANA;070913;CUSCO;LA CONVENCION;VILLA KINTIARINA;0;1;9;2523;0;2523;CON;INTERV DIRECTA
774;034;LA CONVENCION;QUILLABAMBA;070901;SANTA ANA;070915;CUSCO;LA CONVENCION;MEGANTONI;9;11;41;10883;0;10883;CON
775;034;LA CONVENCION;QUILLABAMBA;070901;SANTA ANA;070916;CUSCO;LA CONVENCION;KUMPIRUSHIATO;0;2;20;5591;0;5591;CON;INFLUENCIA
776;034;LA CONVENCION;QUILLABAMBA;070901;SANTA ANA;070917;CUSCO;LA CONVENCION;CIELO PUNCO;0;1;8;2228;0;2228;CON;INTERV DIRECTA
777;034;LA CONVENCION;QUILLABAMBA;070901;SANTA ANA;070918;CUSCO;LA CONVENCION;MANITEA;0;1;12;3382;0;3382;CON;INTERV DIRECTA
778;034;LA CONVENCION;QUILLABAMBA;070901;SANTA ANA;070919;CUSCO;LA CONVENCION;UNIÓN ASHÁNINKA;0;1;18;5330;0;5330;CON;INTERV DIRECTA
779;035;QUISPICANCHI;URCOS;071201;URCOS;071101;CUSCO;PAUCARTAMBO;PAUCARTAMBO;3;6;37;10349;0;10349;CON
780;035;QUISPICANCHI;URCOS;071201;URCOS;071102;CUSCO;PAUCARTAMBO;CAICAY;1;2;11;2837;0;2837;CON
781;035;QUISPICANCHI;URCOS;071201;URCOS;071103;CUSCO;PAUCARTAMBO;COLQUEPATA;2;5;28;8180;0;8180;CON
782;035;QUISPICANCHI;URCOS;071201;URCOS;071104;CUSCO;PAUCARTAMBO;CHALLABAMBA;3;6;29;7962;0;7962;CON
783;035;QUISPICANCHI;URCOS;071201;URCOS;071105;CUSCO;PAUCARTAMBO;KOSÑIPATA;0;2;18;5335;0;5335;CON
784;035;QUISPICANCHI;URCOS;071201;URCOS;071106;CUSCO;PAUCARTAMBO;HUANCARANI;1;3;20;5584;0;5584;CON
785;035;QUISPICANCHI;URCOS;071201;URCOS;071201;CUSCO;QUISPICANCHI;URCOS;2;6;40;11397;0;11397;CON
786;035;QUISPICANCHI;URCOS;071201;URCOS;071202;CUSCO;QUISPICANCHI;ANDAHUAYLILLAS;0;2;18;5389;0;5389;CON
787;035;QUISPICANCHI;URCOS;071201;URCOS;071203;CUSCO;QUISPICANCHI;CAMANTI;0;1;9;2588;0;2588;CON
788;035;QUISPICANCHI;URCOS;071201;URCOS;071204;CUSCO;QUISPICANCHI;CCARHUAYO;0;2;10;2808;0;2808;CON
789;035;QUISPICANCHI;URCOS;071201;URCOS;071205;CUSCO;QUISPICANCHI;CCATCA;3;7;34;9793;0;9793;CON
790;035;QUISPICANCHI;URCOS;071201;URCOS;071206;CUSCO;QUISPICANCHI;CUSIPATA;1;4;15;4121;0;4121;CON
791;035;QUISPICANCHI;URCOS;071201;URCOS;071207;CUSCO;QUISPICANCHI;HUARO;0;1;13;3784;0;3784;CON
792;035;QUISPICANCHI;URCOS;071201;URCOS;071208;CUSCO;QUISPICANCHI;LUCRE;1;3;13;3881;0;3881;CON
793;035;QUISPICANCHI;URCOS;071201;URCOS;071209;CUSCO;QUISPICANCHI;MARCAPATA;0;1;14;4149;0;4149;CON
794;035;QUISPICANCHI;URCOS;071201;URCOS;071210;CUSCO;QUISPICANCHI;OCONGATE;1;7;48;14073;0;14073;CON
795;035;QUISPICANCHI;URCOS;071201;URCOS;071211;CUSCO;QUISPICANCHI;OROPESA;2;4;30;8283;0;8283;CON
796;035;QUISPICANCHI;URCOS;071201;URCOS;071212;CUSCO;QUISPICANCHI;QUIQUIJANA;0;4;30;8686;0;8686;CON
797;036;URUBAMBA;URUBAMBA;071301;URUBAMBA;070401;CUSCO;CALCA;CALCA;1;7;64;18650;0;18650;CON
798;036;URUBAMBA;URUBAMBA;071301;URUBAMBA;070402;CUSCO;CALCA;COYA;1;3;12;3352;0;3352;CON
799;036;URUBAMBA;URUBAMBA;071301;URUBAMBA;070403;CUSCO;CALCA;LAMAY;0;2;18;5109;0;5109;CON
800;036;URUBAMBA;URUBAMBA;071301;URUBAMBA;070404;CUSCO;CALCA;LARES;2;5;22;6264;0;6264;CON
801;036;URUBAMBA;URUBAMBA;071301;URUBAMBA;070405;CUSCO;CALCA;PISAC;0;2;31;9113;0;9113;CON
802;036;URUBAMBA;URUBAMBA;071301;URUBAMBA;070406;CUSCO;CALCA;SAN SALVADOR;0;2;19;5361;0;5361;CON
803;036;URUBAMBA;URUBAMBA;071301;URUBAMBA;070407;CUSCO;CALCA;TARAY;0;3;14;3947;0;3947;CON
804;036;URUBAMBA;URUBAMBA;071301;URUBAMBA;070408;CUSCO;CALCA;YANATILE;3;6;29;7869;0;7869;CON
805;036;URUBAMBA;URUBAMBA;071301;URUBAMBA;071301;CUSCO;URUBAMBA;URUBAMBA;1;9;67;19885;0;19885;CON
806;036;URUBAMBA;URUBAMBA;071301;URUBAMBA;071302;CUSCO;URUBAMBA;CHINCHERO;0;3;36;10575;0;10575;CON
807;036;URUBAMBA;URUBAMBA;071301;URUBAMBA;071303;CUSCO;URUBAMBA;HUAYLLABAMBA;0;3;17;4977;0;4977;CON
808;036;URUBAMBA;URUBAMBA;071301;URUBAMBA;071304;CUSCO;URUBAMBA;MACHUPICCHU;0;3;31;9125;0;9125;CON
809;036;URUBAMBA;URUBAMBA;071301;URUBAMBA;071305;CUSCO;URUBAMBA;MARAS;1;4;23;6469;0;6469;CON
810;036;URUBAMBA;URUBAMBA;071301;URUBAMBA;071306;CUSCO;URUBAMBA;OLLANTAYTAMBO;0;3;32;9420;0;9420;CON
811;036;URUBAMBA;URUBAMBA;071301;URUBAMBA;071307;CUSCO;URUBAMBA;YUCAY;0;2;10;2840;0;2840;CON
812;037;ANGARAES;LIRCAY;080301;LIRCAY;080201;HUANCAVELICA;ACOBAMBA;ACOBAMBA;3;5;28;7691;0;7691;CON
813;037;ANGARAES;LIRCAY;080301;LIRCAY;080202;HUANCAVELICA;ACOBAMBA;ANTA;9;11;22;5260;0;5260;CON
814;037;ANGARAES;LIRCAY;080301;LIRCAY;080203;HUANCAVELICA;ACOBAMBA;ANDABAMBA;3;4;13;3400;0;3400;CON
815;037;ANGARAES;LIRCAY;080301;LIRCAY;080204;HUANCAVELICA;ACOBAMBA;CAJA;2;4;9;2167;0;2167;CON
816;037;ANGARAES;LIRCAY;080301;LIRCAY;080205;HUANCAVELICA;ACOBAMBA;MARCAS;0;2;7;1875;0;1875;CON
817;037;ANGARAES;LIRCAY;080301;LIRCAY;080206;HUANCAVELICA;ACOBAMBA;PAUCARA;5;7;34;9599;0;9599;CON
818;037;ANGARAES;LIRCAY;080301;LIRCAY;080207;HUANCAVELICA;ACOBAMBA;POMACOCHA;1;2;11;2983;0;2983;CON
819;037;ANGARAES;LIRCAY;080301;LIRCAY;080208;HUANCAVELICA;ACOBAMBA;ROSARIO;2;4;19;5090;0;5090;CON
820;037;ANGARAES;LIRCAY;080301;LIRCAY;080301;HUANCAVELICA;ANGARAES;LIRCAY;3;7;68;19629;0;19629;CON
821;037;ANGARAES;LIRCAY;080301;LIRCAY;080302;HUANCAVELICA;ANGARAES;ANCHONGA;7;8;23;6258;0;6258;CON
822;037;ANGARAES;LIRCAY;080301;LIRCAY;080303;HUANCAVELICA;ANGARAES;CALLANMARCA;0;1;3;828;0;828;CON
823;037;ANGARAES;LIRCAY;080301;LIRCAY;080304;HUANCAVELICA;ANGARAES;CONGALLA;3;4;14;3459;0;3459;CON
824;037;ANGARAES;LIRCAY;080301;LIRCAY;080305;HUANCAVELICA;ANGARAES;CHINCHO;1;3;5;1199;0;1199;CON
825;037;ANGARAES;LIRCAY;080301;LIRCAY;080306;HUANCAVELICA;ANGARAES;HUALLAY - GRANDE;0;1;5;1368;0;1368;CON
826;037;ANGARAES;LIRCAY;080301;LIRCAY;080307;HUANCAVELICA;ANGARAES;HUANCA-HUANCA;0;2;5;1314;0;1314;CON
827;037;ANGARAES;LIRCAY;080301;LIRCAY;080308;HUANCAVELICA;ANGARAES;JULCAMARCA;0;1;4;1071;0;1071;CON
828;037;ANGARAES;LIRCAY;080301;LIRCAY;080309;HUANCAVELICA;ANGARAES;SAN ANTONIO DE ANTAPARCO;0;1;4;1087;0;1087;CON
829;037;ANGARAES;LIRCAY;080301;LIRCAY;080310;HUANCAVELICA;ANGARAES;SANTO TOMAS DE PATA;2;3;7;1445;0;1445;CON
830;037;ANGARAES;LIRCAY;080301;LIRCAY;080311;HUANCAVELICA;ANGARAES;SECCLLA;2;3;10;2418;0;2418;CON
831;037;ANGARAES;LIRCAY;080301;LIRCAY;080312;HUANCAVELICA;ANGARAES;CCOCHACCASA;1;3;11;2933;0;2933;CON
832;038;HUANCAVELICA;ASCENSION;080119;ASCENSION;080101;HUANCAVELICA;HUANCAVELICA;HUANCAVELICA;1;11;110;32059;0;32059;CON
833;038;HUANCAVELICA;ASCENSION;080119;ASCENSION;080102;HUANCAVELICA;HUANCAVELICA;ACOBAMBILLA;3;4;10;2377;0;2377;CON
834;038;HUANCAVELICA;ASCENSION;080119;ASCENSION;080103;HUANCAVELICA;HUANCAVELICA;ACORIA;19;23;73;19226;0;19226;CON
835;038;HUANCAVELICA;ASCENSION;080119;ASCENSION;080104;HUANCAVELICA;HUANCAVELICA;CONAYCA;0;1;3;899;0;899;CON
836;038;HUANCAVELICA;ASCENSION;080119;ASCENSION;080105;HUANCAVELICA;HUANCAVELICA;CUENCA;1;2;7;1680;0;1680;CON
837;038;HUANCAVELICA;ASCENSION;080119;ASCENSION;080106;HUANCAVELICA;HUANCAVELICA;HUACHOCOLPA;0;1;7;1899;0;1899;CON
838;038;HUANCAVELICA;ASCENSION;080119;ASCENSION;080108;HUANCAVELICA;HUANCAVELICA;HUAYLLAHUARA;0;1;3;843;0;843;CON
839;038;HUANCAVELICA;ASCENSION;080119;ASCENSION;080109;HUANCAVELICA;HUANCAVELICA;IZCUCHACA;0;1;4;1093;0;1093;CON
840;038;HUANCAVELICA;ASCENSION;080119;ASCENSION;080110;HUANCAVELICA;HUANCAVELICA;LARIA;0;1;3;877;0;877;CON
841;038;HUANCAVELICA;ASCENSION;080119;ASCENSION;080111;HUANCAVELICA;HUANCAVELICA;MANTA;0;1;3;874;0;874;CON
842;038;HUANCAVELICA;ASCENSION;080119;ASCENSION;080112;HUANCAVELICA;HUANCAVELICA;MARISCAL CACERES;0;1;3;895;0;895;CON
843;038;HUANCAVELICA;ASCENSION;080119;ASCENSION;080113;HUANCAVELICA;HUANCAVELICA;MOYA;0;1;4;997;0;997;CON
844;038;HUANCAVELICA;ASCENSION;080119;ASCENSION;080114;HUANCAVELICA;HUANCAVELICA;NUEVO OCCORO;3;4;9;2136;0;2136;CON
845;038;HUANCAVELICA;ASCENSION;080119;ASCENSION;080115;HUANCAVELICA;HUANCAVELICA;PALCA;0;2;10;2793;0;2793;CON
846;038;HUANCAVELICA;ASCENSION;080119;ASCENSION;080116;HUANCAVELICA;HUANCAVELICA;PILCHACA;0;1;3;761;0;761;CON
847;038;HUANCAVELICA;ASCENSION;080119;ASCENSION;080117;HUANCAVELICA;HUANCAVELICA;VILCA;1;3;8;2086;0;2086;CON
848;038;HUANCAVELICA;ASCENSION;080119;ASCENSION;080118;HUANCAVELICA;HUANCAVELICA;YAULI;10;14;68;19014;0;19014;CON
849;038;HUANCAVELICA;ASCENSION;080119;ASCENSION;080119;HUANCAVELICA;HUANCAVELICA;ASCENSION;0;3;35;10434;0;10434;CON
850;038;HUANCAVELICA;ASCENSION;080119;ASCENSION;080120;HUANCAVELICA;HUANCAVELICA;HUANDO;3;5;20;5668;0;5668;CON
851;039;HUAYTARA;HUAYTARA;080604;HUAYTARA;080401;HUANCAVELICA;CASTROVIRREYNA;CASTROVIRREYNA;1;3;9;2528;0;2528;CON
852;039;HUAYTARA;HUAYTARA;080604;HUAYTARA;080402;HUANCAVELICA;CASTROVIRREYNA;ARMA;0;1;5;1358;0;1358;CON
853;039;HUAYTARA;HUAYTARA;080604;HUAYTARA;080403;HUANCAVELICA;CASTROVIRREYNA;AURAHUA;1;2;6;1537;0;1537;CON
854;039;HUAYTARA;HUAYTARA;080604;HUAYTARA;080405;HUANCAVELICA;CASTROVIRREYNA;CAPILLAS;0;1;5;1227;0;1227;CON
855;039;HUAYTARA;HUAYTARA;080604;HUAYTARA;080406;HUANCAVELICA;CASTROVIRREYNA;COCAS;0;1;4;959;0;959;CON
856;039;HUAYTARA;HUAYTARA;080604;HUAYTARA;080408;HUANCAVELICA;CASTROVIRREYNA;CHUPAMARCA;1;2;4;868;0;868;CON
857;039;HUAYTARA;HUAYTARA;080604;HUAYTARA;080409;HUANCAVELICA;CASTROVIRREYNA;HUACHOS;1;3;7;1787;0;1787;CON
858;039;HUAYTARA;HUAYTARA;080604;HUAYTARA;080410;HUANCAVELICA;CASTROVIRREYNA;HUAMATAMBO;0;1;3;772;0;772;CON
859;039;HUAYTARA;HUAYTARA;080604;HUAYTARA;080414;HUANCAVELICA;CASTROVIRREYNA;MOLLEPAMPA;0;1;4;1155;0;1155;CON
860;039;HUAYTARA;HUAYTARA;080604;HUAYTARA;080422;HUANCAVELICA;CASTROVIRREYNA;SAN JUAN;0;1;4;1086;0;1086;CON
861;039;HUAYTARA;HUAYTARA;080604;HUAYTARA;080427;HUANCAVELICA;CASTROVIRREYNA;TANTARA;0;1;4;989;0;989;CON
862;039;HUAYTARA;HUAYTARA;080604;HUAYTARA;080428;HUANCAVELICA;CASTROVIRREYNA;TICRAPO;0;2;7;1758;0;1758;CON
863;039;HUAYTARA;HUAYTARA;080604;HUAYTARA;080429;HUANCAVELICA;CASTROVIRREYNA;SANTA ANA;1;2;5;1204;0;1204;CON
864;039;HUAYTARA;HUAYTARA;080604;HUAYTARA;080601;HUANCAVELICA;HUAYTARA;AYAVI;0;1;4;927;0;927;CON
865;039;HUAYTARA;HUAYTARA;080604;HUAYTARA;080602;HUANCAVELICA;HUAYTARA;CORDOVA;0;1;5;1415;0;1415;CON
866;039;HUAYTARA;HUAYTARA;080604;HUAYTARA;080603;HUANCAVELICA;HUAYTARA;HUAYACUNDO ARMA;0;1;2;521;0;521;CON
867;039;HUAYTARA;HUAYTARA;080604;HUAYTARA;080604;HUANCAVELICA;HUAYTARA;HUAYTARA;0;1;6;1729;0;1729;CON
868;039;HUAYTARA;HUAYTARA;080604;HUAYTARA;080605;HUANCAVELICA;HUAYTARA;LARAMARCA;0;1;3;645;0;645;CON
869;039;HUAYTARA;HUAYTARA;080604;HUAYTARA;080606;HUANCAVELICA;HUAYTARA;OCOYO;1;2;5;1302;0;1302;CON
870;039;HUAYTARA;HUAYTARA;080604;HUAYTARA;080607;HUANCAVELICA;HUAYTARA;PILPICHACA;3;4;15;3862;0;3862;CON
871;039;HUAYTARA;HUAYTARA;080604;HUAYTARA;080608;HUANCAVELICA;HUAYTARA;QUERCO;0;1;3;852;0;852;CON
872;039;HUAYTARA;HUAYTARA;080604;HUAYTARA;080609;HUANCAVELICA;HUAYTARA;QUITO-ARMA;0;1;3;851;0;851;CON
873;039;HUAYTARA;HUAYTARA;080604;HUAYTARA;080610;HUANCAVELICA;HUAYTARA;SAN ANTONIO DE CUSICANCHA;0;1;5;1460;0;1460;CON
874;039;HUAYTARA;HUAYTARA;080604;HUAYTARA;080611;HUANCAVELICA;HUAYTARA;SAN FRANCISCO DE SANGAYAICO;0;1;5;1291;0;1291;CON
875;039;HUAYTARA;HUAYTARA;080604;HUAYTARA;080612;HUANCAVELICA;HUAYTARA;SAN ISIDRO;0;1;4;928;0;928;CON
876;039;HUAYTARA;HUAYTARA;080604;HUAYTARA;080613;HUANCAVELICA;HUAYTARA;SANTIAGO DE CHOCORVOS;0;2;10;2718;0;2718;CON
877;039;HUAYTARA;HUAYTARA;080604;HUAYTARA;080614;HUANCAVELICA;HUAYTARA;SANTIAGO DE QUIRAHUARA;0;1;4;986;0;986;CON
878;039;HUAYTARA;HUAYTARA;080604;HUAYTARA;080615;HUANCAVELICA;HUAYTARA;SANTO DOMINGO DE CAPILLAS;0;1;4;998;0;998;CON
879;039;HUAYTARA;HUAYTARA;080604;HUAYTARA;080616;HUANCAVELICA;HUAYTARA;TAMBO;0;1;5;1221;0;1221;CON
880;040;TAYACAJA;PAMPAS;080501;PAMPAS;080501;HUANCAVELICA;TAYACAJA;PAMPAS;3;5;27;7508;0;7508;CON;INFLUENCIA
881;040;TAYACAJA;PAMPAS;080501;PAMPAS;080502;HUANCAVELICA;TAYACAJA;ACOSTAMBO;0;2;13;3814;0;3814;CON;INFLUENCIA
882;040;TAYACAJA;PAMPAS;080501;PAMPAS;080503;HUANCAVELICA;TAYACAJA;ACRAQUIA;0;2;15;4243;0;4243;CON;INFLUENCIA
883;040;TAYACAJA;PAMPAS;080501;PAMPAS;080504;HUANCAVELICA;TAYACAJA;AHUAYCHA;3;6;16;4446;0;4446;CON;INFLUENCIA
884;040;TAYACAJA;PAMPAS;080501;PAMPAS;080506;HUANCAVELICA;TAYACAJA;COLCABAMBA;5;9;41;11249;0;11249;CON;INFLUENCIA
885;040;TAYACAJA;PAMPAS;080501;PAMPAS;080509;HUANCAVELICA;TAYACAJA;DANIEL HERNANDEZ;0;2;29;8570;0;8570;CON;INFLUENCIA
886;040;TAYACAJA;PAMPAS;080501;PAMPAS;080511;HUANCAVELICA;TAYACAJA;HUACHOCOLPA;0;1;8;2184;0;2184;CON;INTERV DIRECTA
887;040;TAYACAJA;PAMPAS;080501;PAMPAS;080512;HUANCAVELICA;TAYACAJA;HUARIBAMBA;2;4;15;4419;0;4419;CON;INFLUENCIA
888;040;TAYACAJA;PAMPAS;080501;PAMPAS;080515;HUANCAVELICA;TAYACAJA;ÑAHUIMPUQUIO;0;1;7;1966;0;1966;CON;INFLUENCIA
889;040;TAYACAJA;PAMPAS;080501;PAMPAS;080517;HUANCAVELICA;TAYACAJA;PAZOS;0;2;20;5778;0;5778;CON;INFLUENCIA
890;040;TAYACAJA;PAMPAS;080501;PAMPAS;080518;HUANCAVELICA;TAYACAJA;QUISHUAR;0;1;3;696;0;696;CON;INFLUENCIA
891;040;TAYACAJA;PAMPAS;080501;PAMPAS;080519;HUANCAVELICA;TAYACAJA;SALCABAMBA;5;7;16;4025;0;4025;CON;INFLUENCIA
892;040;TAYACAJA;PAMPAS;080501;PAMPAS;080520;HUANCAVELICA;TAYACAJA;SAN MARCOS DE ROCCHAC;4;5;12;2940;0;2940;CON;INFLUENCIA
893;040;TAYACAJA;PAMPAS;080501;PAMPAS;080523;HUANCAVELICA;TAYACAJA;SURCUBAMBA;0;2;14;3913;0;3913;CON;INTERV DIRECTA
894;040;TAYACAJA;PAMPAS;080501;PAMPAS;080525;HUANCAVELICA;TAYACAJA;TINTAY PUNCU;1;2;7;1943;0;1943;CON;INTERV DIRECTA
895;040;TAYACAJA;PAMPAS;080501;PAMPAS;080526;HUANCAVELICA;TAYACAJA;SALCAHUASI;1;3;11;3044;0;3044;CON;INFLUENCIA
896;040;TAYACAJA;PAMPAS;080501;PAMPAS;080528;HUANCAVELICA;TAYACAJA;QUICHUAS;6;7;17;4371;0;4371;CON;INFLUENCIA
897;040;TAYACAJA;PAMPAS;080501;PAMPAS;080529;HUANCAVELICA;TAYACAJA;ANDAYMARCA;0;2;9;2434;0;2434;CON;INTERV DIRECTA
898;040;TAYACAJA;PAMPAS;080501;PAMPAS;080530;HUANCAVELICA;TAYACAJA;ROBLE;0;1;4;1199;0;1199;CON;INTERV DIRECTA
899;040;TAYACAJA;PAMPAS;080501;PAMPAS;080531;HUANCAVELICA;TAYACAJA;PICHOS;2;4;10;2661;0;2661;CON;INFLUENCIA
900;040;TAYACAJA;PAMPAS;080501;PAMPAS;080532;HUANCAVELICA;TAYACAJA;SANTIAGO DE TUCUMA;0;1;6;1567;0;1567;CON;INFLUENCIA
901;040;TAYACAJA;PAMPAS;080501;PAMPAS;080533;HUANCAVELICA;TAYACAJA;LAMBRAS;0;1;6;1522;0;1522;CON;INTERV DIRECTA
902;040;TAYACAJA;PAMPAS;080501;PAMPAS;080534;HUANCAVELICA;TAYACAJA;COCHABAMBA;0;1;3;873;0;873;CON;INTERV DIRECTA
903;040;TAYACAJA;PAMPAS;080501;PAMPAS;080701;HUANCAVELICA;CHURCAMPA;CHURCAMPA;0;1;14;4182;0;4182;CON
904;040;TAYACAJA;PAMPAS;080501;PAMPAS;080702;HUANCAVELICA;CHURCAMPA;ANCO;6;8;22;5100;0;5100;CON
905;040;TAYACAJA;PAMPAS;080501;PAMPAS;080703;HUANCAVELICA;CHURCAMPA;CHINCHIHUASI;1;2;8;2217;0;2217;CON;INFLUENCIA
906;040;TAYACAJA;PAMPAS;080501;PAMPAS;080704;HUANCAVELICA;CHURCAMPA;EL CARMEN;2;3;9;2373;0;2373;CON
907;040;TAYACAJA;PAMPAS;080501;PAMPAS;080705;HUANCAVELICA;CHURCAMPA;LA MERCED;0;1;3;817;0;817;CON
908;040;TAYACAJA;PAMPAS;080501;PAMPAS;080706;HUANCAVELICA;CHURCAMPA;LOCROJA;1;3;12;3212;0;3212;CON
909;040;TAYACAJA;PAMPAS;080501;PAMPAS;080707;HUANCAVELICA;CHURCAMPA;PAUCARBAMBA;0;2;16;4542;0;4542;CON;INFLUENCIA
910;040;TAYACAJA;PAMPAS;080501;PAMPAS;080708;HUANCAVELICA;CHURCAMPA;SAN MIGUEL DE MAYOCC;0;1;4;1001;0;1001;CON
911;040;TAYACAJA;PAMPAS;080501;PAMPAS;080709;HUANCAVELICA;CHURCAMPA;SAN PEDRO DE CORIS;0;2;11;3004;0;3004;CON;INFLUENCIA
912;040;TAYACAJA;PAMPAS;080501;PAMPAS;080710;HUANCAVELICA;CHURCAMPA;PACHAMARCA;2;3;9;2192;0;2192;CON;INFLUENCIA
913;040;TAYACAJA;PAMPAS;080501;PAMPAS;080711;HUANCAVELICA;CHURCAMPA;COSME;3;4;12;3120;0;3120;CON
914;041;HUAMALIES;LLATA;090401;LLATA;090301;HUANUCO;DOS DE MAYO;LA UNION;0;4;13;3593;0;3593;CON
915;041;HUAMALIES;LLATA;090401;LLATA;090307;HUANUCO;DOS DE MAYO;CHUQUIS;3;5;14;3849;0;3849;CON
916;041;HUAMALIES;LLATA;090401;LLATA;090312;HUANUCO;DOS DE MAYO;MARIAS;5;6;21;5357;0;5357;CON
917;041;HUAMALIES;LLATA;090401;LLATA;090314;HUANUCO;DOS DE MAYO;PACHAS;2;4;20;5484;0;5484;CON
918;041;HUAMALIES;LLATA;090401;LLATA;090316;HUANUCO;DOS DE MAYO;QUIVILLA;0;1;4;1113;0;1113;CON
919;041;HUAMALIES;LLATA;090401;LLATA;090317;HUANUCO;DOS DE MAYO;RIPAN;2;4;20;5248;0;5248;CON
920;041;HUAMALIES;LLATA;090401;LLATA;090321;HUANUCO;DOS DE MAYO;SHUNQUI;0;2;7;1925;0;1925;CON
921;041;HUAMALIES;LLATA;090401;LLATA;090322;HUANUCO;DOS DE MAYO;SILLAPATA;1;2;12;3110;0;3110;CON
922;041;HUAMALIES;LLATA;090401;LLATA;090323;HUANUCO;DOS DE MAYO;YANAS;2;3;11;2850;0;2850;CON
923;041;HUAMALIES;LLATA;090401;LLATA;090401;HUANUCO;HUAMALIES;LLATA;2;8;36;10398;0;10398;CON
924;041;HUAMALIES;LLATA;090401;LLATA;090402;HUANUCO;HUAMALIES;ARANCAY;1;2;7;1725;0;1725;CON
925;041;HUAMALIES;LLATA;090401;LLATA;090403;HUANUCO;HUAMALIES;CHAVIN DE PARIARCA;2;5;14;3669;0;3669;CON
926;041;HUAMALIES;LLATA;090401;LLATA;090404;HUANUCO;HUAMALIES;JACAS GRANDE;1;4;19;5398;0;5398;CON
927;041;HUAMALIES;LLATA;090401;LLATA;090405;HUANUCO;HUAMALIES;JIRCAN;0;1;5;1487;0;1487;CON
928;041;HUAMALIES;LLATA;090401;LLATA;090406;HUANUCO;HUAMALIES;MIRAFLORES;1;2;11;3053;0;3053;CON
929;041;HUAMALIES;LLATA;090401;LLATA;090407;HUANUCO;HUAMALIES;MONZON;5;10;43;11844;0;11844;CON
930;041;HUAMALIES;LLATA;090401;LLATA;090408;HUANUCO;HUAMALIES;PUNCHAO;1;2;7;1793;0;1793;CON
931;041;HUAMALIES;LLATA;090401;LLATA;090409;HUANUCO;HUAMALIES;PUÑOS;3;4;15;4199;0;4199;CON
932;041;HUAMALIES;LLATA;090401;LLATA;090410;HUANUCO;HUAMALIES;SINGA;0;2;10;2711;0;2711;CON
933;041;HUAMALIES;LLATA;090401;LLATA;090411;HUANUCO;HUAMALIES;TANTAMAYO;1;3;7;1928;0;1928;CON
934;041;HUAMALIES;LLATA;090401;LLATA;090901;HUANUCO;HUACAYBAMBA;HUACAYBAMBA;2;6;16;4395;0;4395;CON
935;041;HUAMALIES;LLATA;090401;LLATA;090902;HUANUCO;HUACAYBAMBA;PINRA;2;4;19;5215;0;5215;CON
936;041;HUAMALIES;LLATA;090401;LLATA;090903;HUANUCO;HUACAYBAMBA;CANCHABAMBA;4;6;12;2554;0;2554;CON
937;041;HUAMALIES;LLATA;090401;LLATA;090904;HUANUCO;HUACAYBAMBA;COCHABAMBA;2;3;7;1610;0;1610;CON
938;042;HUANUCO;AMARILIS;090110;AMARILIS;090101;HUANUCO;HUANUCO;HUANUCO;1;21;231;68877;0;68877;CON
939;042;HUANUCO;AMARILIS;090110;AMARILIS;090102;HUANUCO;HUANUCO;CHINCHAO;4;9;48;13557;0;13557;CON
940;042;HUANUCO;AMARILIS;090110;AMARILIS;090103;HUANUCO;HUANUCO;CHURUBAMBA;7;10;59;16369;0;16369;CON
941;042;HUANUCO;AMARILIS;090110;AMARILIS;090104;HUANUCO;HUANUCO;MARGOS;1;3;21;5930;0;5930;CON
942;042;HUANUCO;AMARILIS;090110;AMARILIS;090105;HUANUCO;HUANUCO;QUISQUI (KICHKI);3;5;19;5228;0;5228;CON
943;042;HUANUCO;AMARILIS;090110;AMARILIS;090106;HUANUCO;HUANUCO;SAN FRANCISCO DE CAYRAN;0;1;19;5669;0;5669;CON
944;042;HUANUCO;AMARILIS;090110;AMARILIS;090107;HUANUCO;HUANUCO;SAN PEDRO DE CHAULAN;6;7;15;3667;0;3667;CON
945;042;HUANUCO;AMARILIS;090110;AMARILIS;090108;HUANUCO;HUANUCO;SANTA MARIA DEL VALLE;9;15;68;19196;0;19196;CON
946;042;HUANUCO;AMARILIS;090110;AMARILIS;090109;HUANUCO;HUANUCO;YARUMAYO;2;3;10;2619;0;2619;CON
947;042;HUANUCO;AMARILIS;090110;AMARILIS;090110;HUANUCO;HUANUCO;AMARILIS;4;24;228;67924;0;67924;CON
948;042;HUANUCO;AMARILIS;090110;AMARILIS;090111;HUANUCO;HUANUCO;PILLCO MARCA;1;8;99;29466;0;29466;CON
949;042;HUANUCO;AMARILIS;090110;AMARILIS;090112;HUANUCO;HUANUCO;YACUS;2;3;11;3153;0;3153;CON
950;042;HUANUCO;AMARILIS;090110;AMARILIS;090113;HUANUCO;HUANUCO;SAN PABLO DE PILLAO;4;5;28;7511;0;7511;CON
951;042;HUANUCO;AMARILIS;090110;AMARILIS;090201;HUANUCO;AMBO;AMBO;0;3;52;15546;0;15546;CON
952;042;HUANUCO;AMARILIS;090110;AMARILIS;090202;HUANUCO;AMBO;CAYNA;2;3;13;3428;0;3428;CON
953;042;HUANUCO;AMARILIS;090110;AMARILIS;090203;HUANUCO;AMBO;COLPAS;4;5;11;2702;0;2702;CON
954;042;HUANUCO;AMARILIS;090110;AMARILIS;090204;HUANUCO;AMBO;CONCHAMARCA;2;3;21;5863;0;5863;CON
955;042;HUANUCO;AMARILIS;090110;AMARILIS;090205;HUANUCO;AMBO;HUACAR;3;6;24;7076;0;7076;CON
956;042;HUANUCO;AMARILIS;090110;AMARILIS;090206;HUANUCO;AMBO;SAN FRANCISCO;2;3;8;2171;0;2171;CON
957;042;HUANUCO;AMARILIS;090110;AMARILIS;090207;HUANUCO;AMBO;SAN RAFAEL;3;5;32;8749;0;8749;CON
958;042;HUANUCO;AMARILIS;090110;AMARILIS;090208;HUANUCO;AMBO;TOMAY - KICHWA;0;1;13;3624;0;3624;CON
959;042;HUANUCO;AMARILIS;090110;AMARILIS;090701;HUANUCO;PACHITEA;PANAO;4;8;56;16000;0;16000;CON
960;042;HUANUCO;AMARILIS;090110;AMARILIS;090702;HUANUCO;PACHITEA;CHAGLLA;4;7;35;9820;0;9820;CON
961;042;HUANUCO;AMARILIS;090110;AMARILIS;090704;HUANUCO;PACHITEA;MOLINO;2;6;37;10680;0;10680;CON
962;042;HUANUCO;AMARILIS;090110;AMARILIS;090706;HUANUCO;PACHITEA;UMARI;2;6;35;10026;0;10026;CON
963;043;LEONCIO PRADO;CASTILLO GRANDE;090608;CASTILLO GRANDE;090501;HUANUCO;MARAÑON;HUACRACHUCO;9;12;42;11043;0;11043;CON
964;043;LEONCIO PRADO;CASTILLO GRANDE;090608;CASTILLO GRANDE;090502;HUANUCO;MARAÑON;CHOLON;5;7;22;5567;0;5567;CON
965;043;LEONCIO PRADO;CASTILLO GRANDE;090608;CASTILLO GRANDE;090505;HUANUCO;MARAÑON;SAN BUENAVENTURA;2;3;8;1899;0;1899;CON
966;043;LEONCIO PRADO;CASTILLO GRANDE;090608;CASTILLO GRANDE;090506;HUANUCO;MARAÑON;LA MORADA;0;1;12;3304;0;3304;CON
967;043;LEONCIO PRADO;CASTILLO GRANDE;090608;CASTILLO GRANDE;090507;HUANUCO;MARAÑON;SANTA ROSA DE ALTO YANAJANCA;0;1;9;2540;0;2540;CON
968;043;LEONCIO PRADO;CASTILLO GRANDE;090608;CASTILLO GRANDE;090601;HUANUCO;LEONCIO PRADO;RUPA-RUPA;1;12;148;44241;1;44242;CON
969;043;LEONCIO PRADO;CASTILLO GRANDE;090608;CASTILLO GRANDE;090602;HUANUCO;LEONCIO PRADO;DANIEL ALOMIA ROBLES;0;2;23;6897;0;6897;CON
970;043;LEONCIO PRADO;CASTILLO GRANDE;090608;CASTILLO GRANDE;090603;HUANUCO;LEONCIO PRADO;HERMILIO VALDIZAN;0;2;13;3729;0;3729;CON
971;043;LEONCIO PRADO;CASTILLO GRANDE;090608;CASTILLO GRANDE;090604;HUANUCO;LEONCIO PRADO;LUYANDO;0;4;34;10067;0;10067;CON
972;043;LEONCIO PRADO;CASTILLO GRANDE;090608;CASTILLO GRANDE;090605;HUANUCO;LEONCIO PRADO;MARIANO DAMASO BERAUN;1;5;38;10881;0;10881;CON
973;043;LEONCIO PRADO;CASTILLO GRANDE;090608;CASTILLO GRANDE;090606;HUANUCO;LEONCIO PRADO;JOSE CRESPO Y CASTILLO;0;6;67;19613;0;19613;CON
974;043;LEONCIO PRADO;CASTILLO GRANDE;090608;CASTILLO GRANDE;090607;HUANUCO;LEONCIO PRADO;PUCAYACU;1;2;12;3379;0;3379;CON
975;043;LEONCIO PRADO;CASTILLO GRANDE;090608;CASTILLO GRANDE;090608;HUANUCO;LEONCIO PRADO;CASTILLO GRANDE;0;4;28;8285;0;8285;CON
976;043;LEONCIO PRADO;CASTILLO GRANDE;090608;CASTILLO GRANDE;090609;HUANUCO;LEONCIO PRADO;PUEBLO NUEVO;0;3;13;3834;0;3834;CON
977;043;LEONCIO PRADO;CASTILLO GRANDE;090608;CASTILLO GRANDE;090610;HUANUCO;LEONCIO PRADO;SANTO DOMINGO DE ANDA;0;2;10;2747;0;2747;CON
978;044;PUERTO INCA;PUERTO INCA;090802;PUERTO INCA;090801;HUANUCO;PUERTO INCA;HONORIA;2;4;19;5319;0;5319;CON
979;044;PUERTO INCA;PUERTO INCA;090802;PUERTO INCA;090802;HUANUCO;PUERTO INCA;PUERTO INCA;3;7;38;10839;0;10839;CON
980;044;PUERTO INCA;PUERTO INCA;090802;PUERTO INCA;090803;HUANUCO;PUERTO INCA;CODO DEL POZUZO;0;3;23;6635;0;6635;CON
981;044;PUERTO INCA;PUERTO INCA;090802;PUERTO INCA;090804;HUANUCO;PUERTO INCA;TOURNAVISTA;2;4;19;5384;0;5384;CON
982;044;PUERTO INCA;PUERTO INCA;090802;PUERTO INCA;090805;HUANUCO;PUERTO INCA;YUYAPICHIS;1;2;19;5440;0;5440;CON
983;045;YAROWILCA;CHAVINILLO;091101;CHAVINILLO;091001;HUANUCO;LAURICOCHA;JESUS;1;4;14;3977;0;3977;CON
984;045;YAROWILCA;CHAVINILLO;091101;CHAVINILLO;091002;HUANUCO;LAURICOCHA;BAÑOS;1;2;9;2355;0;2355;CON
985;045;YAROWILCA;CHAVINILLO;091101;CHAVINILLO;091003;HUANUCO;LAURICOCHA;SAN FRANCISCO DE ASIS;1;3;11;2885;0;2885;CON
986;045;YAROWILCA;CHAVINILLO;091101;CHAVINILLO;091004;HUANUCO;LAURICOCHA;QUEROPALCA;0;1;3;864;0;864;CON
987;045;YAROWILCA;CHAVINILLO;091101;CHAVINILLO;091005;HUANUCO;LAURICOCHA;SAN MIGUEL DE CAURI;1;2;18;4914;0;4914;CON
988;045;YAROWILCA;CHAVINILLO;091101;CHAVINILLO;091006;HUANUCO;LAURICOCHA;RONDOS;1;4;17;4501;0;4501;CON
989;045;YAROWILCA;CHAVINILLO;091101;CHAVINILLO;091007;HUANUCO;LAURICOCHA;JIVIA;0;1;7;1819;0;1819;CON
990;045;YAROWILCA;CHAVINILLO;091101;CHAVINILLO;091101;HUANUCO;YAROWILCA;CHAVINILLO;1;4;20;5771;0;5771;CON
991;045;YAROWILCA;CHAVINILLO;091101;CHAVINILLO;091102;HUANUCO;YAROWILCA;APARICIO POMARES;1;5;20;5964;0;5964;CON
992;045;YAROWILCA;CHAVINILLO;091101;CHAVINILLO;091103;HUANUCO;YAROWILCA;CAHUAC;0;2;8;2230;0;2230;CON
993;045;YAROWILCA;CHAVINILLO;091101;CHAVINILLO;091104;HUANUCO;YAROWILCA;CHACABAMBA;1;2;10;2615;0;2615;CON
994;045;YAROWILCA;CHAVINILLO;091101;CHAVINILLO;091105;HUANUCO;YAROWILCA;JACAS CHICO;0;2;8;2377;0;2377;CON
995;045;YAROWILCA;CHAVINILLO;091101;CHAVINILLO;091106;HUANUCO;YAROWILCA;OBAS;7;10;23;5393;0;5393;CON
996;045;YAROWILCA;CHAVINILLO;091101;CHAVINILLO;091107;HUANUCO;YAROWILCA;PAMPAMARCA;0;1;8;2208;0;2208;CON
997;045;YAROWILCA;CHAVINILLO;091101;CHAVINILLO;091108;HUANUCO;YAROWILCA;CHORAS;2;4;14;3667;0;3667;CON
998;046;CHINCHA;CHINCHA ALTA;100201;CHINCHA ALTA;100201;ICA;CHINCHA;CHINCHA ALTA;0;22;215;63587;0;63587;CON
999;046;CHINCHA;CHINCHA ALTA;100201;CHINCHA ALTA;100202;ICA;CHINCHA;CHAVIN;0;1;16;4662;0;4662;CON
1000;046;CHINCHA;CHINCHA ALTA;100201;CHINCHA ALTA;100203;ICA;CHINCHA;CHINCHA BAJA;0;6;39;11589;0;11589;CON
1001;046;CHINCHA;CHINCHA ALTA;100201;CHINCHA ALTA;100204;ICA;CHINCHA;EL CARMEN;0;3;37;11066;0;11066;CON
1002;046;CHINCHA;CHINCHA ALTA;100201;CHINCHA ALTA;100205;ICA;CHINCHA;GROCIO PRADO;0;7;68;20276;0;20276;CON
1003;046;CHINCHA;CHINCHA ALTA;100201;CHINCHA ALTA;100206;ICA;CHINCHA;SAN PEDRO DE HUACARPANA;2;3;7;1541;0;1541;CON
1004;046;CHINCHA;CHINCHA ALTA;100201;CHINCHA ALTA;100207;ICA;CHINCHA;SUNAMPE;0;9;72;21359;0;21359;CON
1005;046;CHINCHA;CHINCHA ALTA;100201;CHINCHA ALTA;100208;ICA;CHINCHA;TAMBO DE MORA;0;3;15;4291;0;4291;CON
1006;046;CHINCHA;CHINCHA ALTA;100201;CHINCHA ALTA;100209;ICA;CHINCHA;ALTO LARAN;0;2;23;6805;0;6805;CON
1007;046;CHINCHA;CHINCHA ALTA;100201;CHINCHA ALTA;100210;ICA;CHINCHA;PUEBLO NUEVO;0;11;139;41327;0;41327;CON
1008;046;CHINCHA;CHINCHA ALTA;100201;CHINCHA ALTA;100211;ICA;CHINCHA;SAN JUAN DE YANAC;1;3;6;1395;0;1395;CON
1009;046;CHINCHA;CHINCHA ALTA;100201;CHINCHA ALTA;100401;ICA;PISCO;PISCO;0;22;183;54582;0;54582;CON
1010;046;CHINCHA;CHINCHA ALTA;100201;CHINCHA ALTA;100402;ICA;PISCO;HUANCANO;0;2;8;2141;0;2141;CON
1011;046;CHINCHA;CHINCHA ALTA;100201;CHINCHA ALTA;100403;ICA;PISCO;HUMAY;0;3;20;5682;0;5682;CON
1012;046;CHINCHA;CHINCHA ALTA;100201;CHINCHA ALTA;100404;ICA;PISCO;INDEPENDENCIA;0;3;37;10909;0;10909;CON
1013;046;CHINCHA;CHINCHA ALTA;100201;CHINCHA ALTA;100405;ICA;PISCO;PARACAS;0;4;23;6791;0;6791;CON
1014;046;CHINCHA;CHINCHA ALTA;100201;CHINCHA ALTA;100406;ICA;PISCO;SAN ANDRES;0;4;48;14107;0;14107;CON
1015;046;CHINCHA;CHINCHA ALTA;100201;CHINCHA ALTA;100407;ICA;PISCO;SAN CLEMENTE;0;4;62;18292;0;18292;CON
1016;046;CHINCHA;CHINCHA ALTA;100201;CHINCHA ALTA;100408;ICA;PISCO;TUPAC AMARU INCA;0;4;44;13160;0;13160;CON
1017;047;ICA;ICA;100101;ICA;100101;ICA;ICA;ICA;0;39;479;143564;2;143566;CON
1018;047;ICA;ICA;100101;ICA;100102;ICA;ICA;LA TINGUIÑA;0;13;104;31104;0;31104;CON
1019;047;ICA;ICA;100101;ICA;100103;ICA;ICA;LOS AQUIJES;0;6;50;14762;0;14762;CON
1020;047;ICA;ICA;100101;ICA;100104;ICA;ICA;PARCONA;0;16;134;39764;0;39764;CON
1021;047;ICA;ICA;100101;ICA;100105;ICA;ICA;PUEBLO NUEVO;0;3;17;4985;0;4985;CON
1022;047;ICA;ICA;100101;ICA;100106;ICA;ICA;SALAS;0;5;70;20921;2;20923;CON
1023;047;ICA;ICA;100101;ICA;100107;ICA;ICA;SAN JOSE DE LOS MOLINOS;0;2;22;6385;0;6385;CON
1024;047;ICA;ICA;100101;ICA;100108;ICA;ICA;SAN JUAN BAUTISTA;0;3;23;6791;0;6791;CON
1025;047;ICA;ICA;100101;ICA;100109;ICA;ICA;SANTIAGO;0;6;71;21190;0;21190;CON
1026;047;ICA;ICA;100101;ICA;100110;ICA;ICA;SUBTANJALLA;0;11;75;22463;1;22464;CON
1027;047;ICA;ICA;100101;ICA;100111;ICA;ICA;YAUCA DEL ROSARIO;0;4;12;3308;0;3308;CON
1028;047;ICA;ICA;100101;ICA;100112;ICA;ICA;TATE;0;4;16;4495;0;4495;CON
1029;047;ICA;ICA;100101;ICA;100113;ICA;ICA;PACHACUTEC;0;3;21;6181;0;6181;CON
1030;047;ICA;ICA;100101;ICA;100114;ICA;ICA;OCUCAJE;0;1;16;4783;0;4783;CON
1031;047;ICA;ICA;100101;ICA;100301;ICA;NASCA;NASCA;0;7;85;25296;2;25298;CON
1032;047;ICA;ICA;100101;ICA;100302;ICA;NASCA;CHANGUILLO;0;2;9;2430;0;2430;CON
1033;047;ICA;ICA;100101;ICA;100303;ICA;NASCA;EL INGENIO;0;2;11;3150;0;3150;CON
1034;047;ICA;ICA;100101;ICA;100304;ICA;NASCA;MARCONA;0;3;51;15015;0;15015;CON
1035;047;ICA;ICA;100101;ICA;100305;ICA;NASCA;VISTA ALEGRE;1;7;60;17749;0;17749;CON
1036;047;ICA;ICA;100101;ICA;100501;ICA;PALPA;PALPA;0;2;24;6942;0;6942;CON
1037;047;ICA;ICA;100101;ICA;100502;ICA;PALPA;LLIPATA;0;2;6;1574;0;1574;CON
1038;047;ICA;ICA;100101;ICA;100503;ICA;PALPA;RIO GRANDE;0;2;9;2635;0;2635;CON
1039;047;ICA;ICA;100101;ICA;100504;ICA;PALPA;SANTA CRUZ;0;1;5;1338;0;1338;CON
1040;047;ICA;ICA;100101;ICA;100505;ICA;PALPA;TIBILLO;0;1;2;488;0;488;CON
1041;048;CHANCHAMAYO;CHANCHAMAYO;110801;CHANCHAMAYO;110701;JUNIN;SATIPO;SATIPO;2;8;102;30282;0;30282;CON
1042;048;CHANCHAMAYO;CHANCHAMAYO;110801;CHANCHAMAYO;110702;JUNIN;SATIPO;COVIRIALI;0;2;16;4660;0;4660;CON
1043;048;CHANCHAMAYO;CHANCHAMAYO;110801;CHANCHAMAYO;110703;JUNIN;SATIPO;LLAYLLA;0;2;15;4446;0;4446;CON
1044;048;CHANCHAMAYO;CHANCHAMAYO;110801;CHANCHAMAYO;110704;JUNIN;SATIPO;MAZAMARI;2;7;72;21289;0;21289;CON;INTERV DIRECTA
1045;048;CHANCHAMAYO;CHANCHAMAYO;110801;CHANCHAMAYO;110705;JUNIN;SATIPO;PAMPA HERMOSA;1;3;15;4052;0;4052;CON
1046;048;CHANCHAMAYO;CHANCHAMAYO;110801;CHANCHAMAYO;110706;JUNIN;SATIPO;PANGOA;13;23;161;45418;0;45418;CON;INTERV DIRECTA
1047;048;CHANCHAMAYO;CHANCHAMAYO;110801;CHANCHAMAYO;110707;JUNIN;SATIPO;RIO NEGRO;1;8;67;19756;0;19756;CON
1048;048;CHANCHAMAYO;CHANCHAMAYO;110801;CHANCHAMAYO;110708;JUNIN;SATIPO;RIO TAMBO;15;21;85;23503;0;23503;CON;INTERV DIRECTA
1049;048;CHANCHAMAYO;CHANCHAMAYO;110801;CHANCHAMAYO;110709;JUNIN;SATIPO;VIZCATÁN DEL ENE;1;3;13;3323;0;3323;CON;INTERV DIRECTA
1050;048;CHANCHAMAYO;CHANCHAMAYO;110801;CHANCHAMAYO;110801;JUNIN;CHANCHAMAYO;CHANCHAMAYO;0;6;87;26070;0;26070;CON
1051;048;CHANCHAMAYO;CHANCHAMAYO;110801;CHANCHAMAYO;110802;JUNIN;CHANCHAMAYO;SAN RAMON;0;7;76;22614;0;22614;CON
1052;048;CHANCHAMAYO;CHANCHAMAYO;110801;CHANCHAMAYO;110803;JUNIN;CHANCHAMAYO;VITOC;0;2;7;2054;0;2054;CON
1053;048;CHANCHAMAYO;CHANCHAMAYO;110801;CHANCHAMAYO;110804;JUNIN;CHANCHAMAYO;SAN LUIS DE SHUARO;1;2;18;5142;0;5142;CON
1054;048;CHANCHAMAYO;CHANCHAMAYO;110801;CHANCHAMAYO;110805;JUNIN;CHANCHAMAYO;PICHANAQUI;2;10;137;40465;0;40465;CON
1055;048;CHANCHAMAYO;CHANCHAMAYO;110801;CHANCHAMAYO;110806;JUNIN;CHANCHAMAYO;PERENE;11;20;152;43238;0;43238;CON
1056;049;EL TAMBO;EL TAMBO;110113;EL TAMBO;110113;JUNIN;HUANCAYO;EL TAMBO;0;47;472;141220;0;141220;CON
1057;049;EL TAMBO;EL TAMBO;110113;EL TAMBO;110116;JUNIN;HUANCAYO;HUALHUAS;0;2;17;4813;0;4813;CON
1058;049;EL TAMBO;EL TAMBO;110113;EL TAMBO;110121;JUNIN;HUANCAYO;INGENIO;0;2;8;2227;0;2227;CON
1059;049;EL TAMBO;EL TAMBO;110113;EL TAMBO;110122;JUNIN;HUANCAYO;PARIAHUANCA;5;8;24;5988;0;5988;CON;INTERV DIRECTA
1060;049;EL TAMBO;EL TAMBO;110113;EL TAMBO;110123;JUNIN;HUANCAYO;PILCOMAYO;0;8;60;17989;0;17989;CON
1061;049;EL TAMBO;EL TAMBO;110113;EL TAMBO;110125;JUNIN;HUANCAYO;QUICHUAY;0;1;6;1729;0;1729;CON
1062;049;EL TAMBO;EL TAMBO;110113;EL TAMBO;110126;JUNIN;HUANCAYO;QUILCAS;0;2;14;4113;0;4113;CON
1063;049;EL TAMBO;EL TAMBO;110113;EL TAMBO;110127;JUNIN;HUANCAYO;SAN AGUSTIN;0;4;44;13053;0;13053;CON
1064;049;EL TAMBO;EL TAMBO;110113;EL TAMBO;110128;JUNIN;HUANCAYO;SAN JERONIMO DE TUNAN;0;4;36;10759;0;10759;CON
1065;049;EL TAMBO;EL TAMBO;110113;EL TAMBO;110131;JUNIN;HUANCAYO;SANTO DOMINGO DE ACOBAMBA;4;6;20;5050;0;5050;CON;INTERV DIRECTA
1066;049;EL TAMBO;EL TAMBO;110113;EL TAMBO;110132;JUNIN;HUANCAYO;SAÑO;0;2;17;5036;0;5036;CON
1067;049;EL TAMBO;EL TAMBO;110113;EL TAMBO;110134;JUNIN;HUANCAYO;SICAYA;0;3;31;9271;0;9271;CON
1068;049;EL TAMBO;EL TAMBO;110113;EL TAMBO;110901;JUNIN;CHUPACA;CHUPACA;0;10;79;23248;0;23248;CON
1069;049;EL TAMBO;EL TAMBO;110113;EL TAMBO;110902;JUNIN;CHUPACA;AHUAC;0;3;23;6796;0;6796;CON
1070;049;EL TAMBO;EL TAMBO;110113;EL TAMBO;110903;JUNIN;CHUPACA;CHONGOS BAJO;0;2;15;4236;0;4236;CON
1071;049;EL TAMBO;EL TAMBO;110113;EL TAMBO;110904;JUNIN;CHUPACA;HUACHAC;0;2;11;3079;0;3079;CON
1072;049;EL TAMBO;EL TAMBO;110113;EL TAMBO;110905;JUNIN;CHUPACA;HUAMANCACA CHICO;0;4;24;6938;0;6938;CON
1073;049;EL TAMBO;EL TAMBO;110113;EL TAMBO;110906;JUNIN;CHUPACA;SAN JUAN DE ISCOS;0;1;9;2531;0;2531;CON
1074;049;EL TAMBO;EL TAMBO;110113;EL TAMBO;110907;JUNIN;CHUPACA;SAN JUAN DE JARPA;0;2;10;2800;0;2800;CON
1075;049;EL TAMBO;EL TAMBO;110113;EL TAMBO;110908;JUNIN;CHUPACA;TRES DE DICIEMBRE;0;1;10;2903;0;2903;CON
1076;049;EL TAMBO;EL TAMBO;110113;EL TAMBO;110909;JUNIN;CHUPACA;YANACANCHA;0;2;10;2701;0;2701;CON
1077;050;HUANCAYO;HUANCAYO;110101;HUANCAYO;110101;JUNIN;HUANCAYO;HUANCAYO;0;39;366;108973;0;108973;CON
1078;050;HUANCAYO;HUANCAYO;110101;HUANCAYO;110103;JUNIN;HUANCAYO;CARHUACALLANGA;0;1;2;529;0;529;CON
1079;050;HUANCAYO;HUANCAYO;110101;HUANCAYO;110104;JUNIN;HUANCAYO;COLCA;1;2;4;1070;0;1070;CON
1080;050;HUANCAYO;HUANCAYO;110101;HUANCAYO;110105;JUNIN;HUANCAYO;CULLHUAS;0;2;8;2283;0;2283;CON
1081;050;HUANCAYO;HUANCAYO;110101;HUANCAYO;110106;JUNIN;HUANCAYO;CHACAPAMPA;0;1;4;926;0;926;CON
1082;050;HUANCAYO;HUANCAYO;110101;HUANCAYO;110107;JUNIN;HUANCAYO;CHICCHE;0;1;4;971;0;971;CON
1083;050;HUANCAYO;HUANCAYO;110101;HUANCAYO;110108;JUNIN;HUANCAYO;CHILCA;0;25;246;73790;0;73790;CON
1084;050;HUANCAYO;HUANCAYO;110101;HUANCAYO;110109;JUNIN;HUANCAYO;CHONGOS ALTO;0;1;5;1295;0;1295;CON
1085;050;HUANCAYO;HUANCAYO;110101;HUANCAYO;110112;JUNIN;HUANCAYO;CHUPURO;0;1;8;2184;0;2184;CON
1086;050;HUANCAYO;HUANCAYO;110101;HUANCAYO;110114;JUNIN;HUANCAYO;HUACRAPUQUIO;0;1;5;1421;0;1421;CON
1087;050;HUANCAYO;HUANCAYO;110101;HUANCAYO;110118;JUNIN;HUANCAYO;HUANCAN;0;3;54;16161;0;16161;CON
1088;050;HUANCAYO;HUANCAYO;110101;HUANCAYO;110119;JUNIN;HUANCAYO;HUASICANCHA;0;1;3;744;0;744;CON
1089;050;HUANCAYO;HUANCAYO;110101;HUANCAYO;110120;JUNIN;HUANCAYO;HUAYUCACHI;1;3;32;9394;0;9394;CON
1090;050;HUANCAYO;HUANCAYO;110101;HUANCAYO;110124;JUNIN;HUANCAYO;PUCARA;2;6;18;5026;0;5026;CON
1091;050;HUANCAYO;HUANCAYO;110101;HUANCAYO;110133;JUNIN;HUANCAYO;SAPALLANGA;3;9;67;19413;0;19413;CON
1092;050;HUANCAYO;HUANCAYO;110101;HUANCAYO;110136;JUNIN;HUANCAYO;VIQUES;0;1;8;2274;0;2274;CON
1093;051;JAUJA;JAUJA;110301;JAUJA;110201;JUNIN;CONCEPCION;CONCEPCION;0;3;45;13487;1;13488;CON
1094;051;JAUJA;JAUJA;110301;JAUJA;110202;JUNIN;CONCEPCION;ACO;0;1;6;1545;0;1545;CON
1095;051;JAUJA;JAUJA;110301;JAUJA;110203;JUNIN;CONCEPCION;ANDAMARCA;0;2;14;4086;0;4086;CON;INFLUENCIA
1096;051;JAUJA;JAUJA;110301;JAUJA;110204;JUNIN;CONCEPCION;COMAS;3;5;22;5897;0;5897;CON
1097;051;JAUJA;JAUJA;110301;JAUJA;110205;JUNIN;CONCEPCION;COCHAS;0;1;6;1598;0;1598;CON
1098;051;JAUJA;JAUJA;110301;JAUJA;110206;JUNIN;CONCEPCION;CHAMBARA;0;1;9;2578;0;2578;CON
1099;051;JAUJA;JAUJA;110301;JAUJA;110207;JUNIN;CONCEPCION;HEROINAS TOLEDO;0;1;4;1193;0;1193;CON
1100;051;JAUJA;JAUJA;110301;JAUJA;110208;JUNIN;CONCEPCION;MANZANARES;0;1;5;1440;0;1440;CON
1101;051;JAUJA;JAUJA;110301;JAUJA;110209;JUNIN;CONCEPCION;MARISCAL CASTILLA;0;1;6;1642;0;1642;CON
1102;051;JAUJA;JAUJA;110301;JAUJA;110210;JUNIN;CONCEPCION;MATAHUASI;0;3;16;4699;0;4699;CON
1103;051;JAUJA;JAUJA;110301;JAUJA;110211;JUNIN;CONCEPCION;MITO;0;2;5;1255;0;1255;CON
1104;051;JAUJA;JAUJA;110301;JAUJA;110212;JUNIN;CONCEPCION;NUEVE DE JULIO;0;2;7;1841;0;1841;CON
1105;051;JAUJA;JAUJA;110301;JAUJA;110213;JUNIN;CONCEPCION;ORCOTUNA;0;2;15;4290;0;4290;CON
1106;051;JAUJA;JAUJA;110301;JAUJA;110214;JUNIN;CONCEPCION;SANTA ROSA DE OCOPA;0;1;7;1805;0;1805;CON
1107;051;JAUJA;JAUJA;110301;JAUJA;110215;JUNIN;CONCEPCION;SAN JOSE DE QUERO;1;3;18;5154;0;5154;CON
1108;051;JAUJA;JAUJA;110301;JAUJA;110301;JUNIN;JAUJA;JAUJA;0;4;44;12998;0;12998;CON
1109;051;JAUJA;JAUJA;110301;JAUJA;110302;JUNIN;JAUJA;ACOLLA;0;2;20;5888;0;5888;CON
1110;051;JAUJA;JAUJA;110301;JAUJA;110303;JUNIN;JAUJA;APATA;1;3;16;4429;0;4429;CON
1111;051;JAUJA;JAUJA;110301;JAUJA;110304;JUNIN;JAUJA;ATAURA;0;1;4;1190;0;1190;CON
1112;051;JAUJA;JAUJA;110301;JAUJA;110305;JUNIN;JAUJA;CANCHAYLLO;0;1;5;1359;0;1359;CON
1113;051;JAUJA;JAUJA;110301;JAUJA;110306;JUNIN;JAUJA;EL MANTARO;0;1;8;2275;0;2275;CON
1114;051;JAUJA;JAUJA;110301;JAUJA;110307;JUNIN;JAUJA;HUAMALI;0;1;6;1558;0;1558;CON
1115;051;JAUJA;JAUJA;110301;JAUJA;110308;JUNIN;JAUJA;HUARIPAMPA;0;1;4;972;0;972;CON
1116;051;JAUJA;JAUJA;110301;JAUJA;110309;JUNIN;JAUJA;HUERTAS;0;1;8;2122;0;2122;CON
1117;051;JAUJA;JAUJA;110301;JAUJA;110310;JUNIN;JAUJA;JANJAILLO;0;1;3;670;0;670;CON
1118;051;JAUJA;JAUJA;110301;JAUJA;110311;JUNIN;JAUJA;JULCAN;0;1;4;909;0;909;CON
1119;051;JAUJA;JAUJA;110301;JAUJA;110312;JUNIN;JAUJA;LEONOR ORDOÑEZ;0;1;5;1429;0;1429;CON
1120;051;JAUJA;JAUJA;110301;JAUJA;110313;JUNIN;JAUJA;LLOCLLAPAMPA;0;1;5;1230;0;1230;CON
1121;051;JAUJA;JAUJA;110301;JAUJA;110314;JUNIN;JAUJA;MARCO;0;1;6;1525;0;1525;CON
1122;051;JAUJA;JAUJA;110301;JAUJA;110315;JUNIN;JAUJA;MASMA;1;3;7;1836;0;1836;CON
1123;051;JAUJA;JAUJA;110301;JAUJA;110316;JUNIN;JAUJA;MOLINOS;1;2;7;1607;0;1607;CON
1124;051;JAUJA;JAUJA;110301;JAUJA;110317;JUNIN;JAUJA;MONOBAMBA;0;1;5;1388;0;1388;CON
1125;051;JAUJA;JAUJA;110301;JAUJA;110318;JUNIN;JAUJA;MUQUI;0;1;4;912;0;912;CON
1126;051;JAUJA;JAUJA;110301;JAUJA;110319;JUNIN;JAUJA;MUQUIYAUYO;0;1;7;2021;0;2021;CON
1127;051;JAUJA;JAUJA;110301;JAUJA;110320;JUNIN;JAUJA;PACA;0;1;4;968;0;968;CON
1128;051;JAUJA;JAUJA;110301;JAUJA;110321;JUNIN;JAUJA;PACCHA;0;2;6;1619;0;1619;CON
1129;051;JAUJA;JAUJA;110301;JAUJA;110322;JUNIN;JAUJA;PANCAN;0;1;6;1554;0;1554;CON
1130;051;JAUJA;JAUJA;110301;JAUJA;110323;JUNIN;JAUJA;PARCO;0;2;5;1319;0;1319;CON
1131;051;JAUJA;JAUJA;110301;JAUJA;110324;JUNIN;JAUJA;POMACANCHA;0;1;5;1451;0;1451;CON
1132;051;JAUJA;JAUJA;110301;JAUJA;110325;JUNIN;JAUJA;RICRAN;0;1;4;1195;0;1195;CON
1133;051;JAUJA;JAUJA;110301;JAUJA;110326;JUNIN;JAUJA;SAN LORENZO;0;1;8;2117;0;2117;CON
1134;051;JAUJA;JAUJA;110301;JAUJA;110327;JUNIN;JAUJA;SAN PEDRO DE CHUNAN;0;1;3;666;0;666;CON
1135;051;JAUJA;JAUJA;110301;JAUJA;110328;JUNIN;JAUJA;SINCOS;0;2;12;3301;0;3301;CON
1136;051;JAUJA;JAUJA;110301;JAUJA;110329;JUNIN;JAUJA;TUNAN MARCA;0;1;4;1002;0;1002;CON
1137;051;JAUJA;JAUJA;110301;JAUJA;110330;JUNIN;JAUJA;YAULI;0;1;4;1181;0;1181;CON
1138;051;JAUJA;JAUJA;110301;JAUJA;110331;JUNIN;JAUJA;CURICACA;0;1;4;1127;0;1127;CON
1139;051;JAUJA;JAUJA;110301;JAUJA;110332;JUNIN;JAUJA;MASMA CHICCHE;0;1;3;722;0;722;CON
1140;051;JAUJA;JAUJA;110301;JAUJA;110333;JUNIN;JAUJA;SAUSA;0;1;9;2453;0;2453;CON
1141;051;JAUJA;JAUJA;110301;JAUJA;110334;JUNIN;JAUJA;YAUYOS;0;2;24;7144;0;7144;CON
1142;052;TARMA;TARMA;110501;TARMA;110401;JUNIN;JUNIN;JUNIN;0;4;29;8487;0;8487;CON
1143;052;TARMA;TARMA;110501;TARMA;110402;JUNIN;JUNIN;CARHUAMAYO;0;1;14;4054;0;4054;CON
1144;052;TARMA;TARMA;110501;TARMA;110403;JUNIN;JUNIN;ONDORES;0;1;6;1613;0;1613;CON
1145;052;TARMA;TARMA;110501;TARMA;110404;JUNIN;JUNIN;ULCUMAYO;1;4;15;4335;0;4335;CON
1146;052;TARMA;TARMA;110501;TARMA;110501;JUNIN;TARMA;TARMA;1;14;133;39560;0;39560;CON
1147;052;TARMA;TARMA;110501;TARMA;110502;JUNIN;TARMA;ACOBAMBA;0;2;28;8137;0;8137;CON
1148;052;TARMA;TARMA;110501;TARMA;110503;JUNIN;TARMA;HUARICOLCA;0;2;7;1990;0;1990;CON
1149;052;TARMA;TARMA;110501;TARMA;110504;JUNIN;TARMA;HUASAHUASI;0;2;28;8245;0;8245;CON
1150;052;TARMA;TARMA;110501;TARMA;110505;JUNIN;TARMA;LA UNION;0;2;10;2768;0;2768;CON
1151;052;TARMA;TARMA;110501;TARMA;110506;JUNIN;TARMA;PALCA;0;2;18;5392;0;5392;CON
1152;052;TARMA;TARMA;110501;TARMA;110507;JUNIN;TARMA;PALCAMAYO;0;1;12;3322;0;3322;CON
1153;052;TARMA;TARMA;110501;TARMA;110508;JUNIN;TARMA;SAN PEDRO DE CAJAS;0;1;11;3287;0;3287;CON
1154;052;TARMA;TARMA;110501;TARMA;110509;JUNIN;TARMA;TAPO;0;2;13;3679;0;3679;CON
1155;052;TARMA;TARMA;110501;TARMA;110601;JUNIN;YAULI;LA OROYA;1;7;42;11562;0;11562;CON
1156;052;TARMA;TARMA;110501;TARMA;110602;JUNIN;YAULI;CHACAPALPA;0;1;3;845;0;845;CON
1157;052;TARMA;TARMA;110501;TARMA;110603;JUNIN;YAULI;HUAY-HUAY;0;1;4;1160;0;1160;CON
1158;052;TARMA;TARMA;110501;TARMA;110604;JUNIN;YAULI;MARCAPOMACOCHA;0;1;4;1159;0;1159;CON
1159;052;TARMA;TARMA;110501;TARMA;110605;JUNIN;YAULI;MOROCOCHA;0;1;11;3287;0;3287;CON
1160;052;TARMA;TARMA;110501;TARMA;110606;JUNIN;YAULI;PACCHA;0;1;5;1408;0;1408;CON
1161;052;TARMA;TARMA;110501;TARMA;110607;JUNIN;YAULI;SANTA BARBARA DE CARHUACAYAN;0;1;3;759;0;759;CON
1162;052;TARMA;TARMA;110501;TARMA;110608;JUNIN;YAULI;SUITUCANCHA;0;1;3;810;0;810;CON
1163;052;TARMA;TARMA;110501;TARMA;110609;JUNIN;YAULI;YAULI;0;1;9;2663;0;2663;CON
1164;052;TARMA;TARMA;110501;TARMA;110610;JUNIN;YAULI;SANTA ROSA DE SACCO;0;3;21;6109;0;6109;CON
1165;053;LA ESPERANZA;LA ESPERANZA;120111;LA ESPERANZA;120110;LA LIBERTAD;TRUJILLO;EL PORVENIR;0;31;379;113285;0;113285;CON
1166;053;LA ESPERANZA;LA ESPERANZA;120111;LA ESPERANZA;120111;LA LIBERTAD;TRUJILLO;LA ESPERANZA;0;55;483;144842;0;144842;CON
1167;053;LA ESPERANZA;LA ESPERANZA;120111;LA ESPERANZA;120112;LA LIBERTAD;TRUJILLO;FLORENCIA DE MORA;0;14;172;51486;0;51486;CON
1168;053;LA ESPERANZA;LA ESPERANZA;120111;LA ESPERANZA;120113;LA LIBERTAD;TRUJILLO;ALTO TRUJILLO;0;6;84;25193;0;25193;CON
1169;053;LA ESPERANZA;LA ESPERANZA;120111;LA ESPERANZA;120401;LA LIBERTAD;OTUZCO;OTUZCO;1;7;79;23358;0;23358;CON
1170;053;LA ESPERANZA;LA ESPERANZA;120111;LA ESPERANZA;120402;LA LIBERTAD;OTUZCO;AGALLPAMPA;3;5;24;6610;0;6610;CON
1171;053;LA ESPERANZA;LA ESPERANZA;120111;LA ESPERANZA;120403;LA LIBERTAD;OTUZCO;CHARAT;1;2;9;2462;0;2462;CON
1172;053;LA ESPERANZA;LA ESPERANZA;120111;LA ESPERANZA;120404;LA LIBERTAD;OTUZCO;HUARANCHAL;1;2;16;4652;0;4652;CON
1173;053;LA ESPERANZA;LA ESPERANZA;120111;LA ESPERANZA;120405;LA LIBERTAD;OTUZCO;LA CUESTA;0;1;4;972;0;972;CON
1174;053;LA ESPERANZA;LA ESPERANZA;120111;LA ESPERANZA;120408;LA LIBERTAD;OTUZCO;PARANDAY;0;1;3;863;0;863;CON
1175;053;LA ESPERANZA;LA ESPERANZA;120111;LA ESPERANZA;120409;LA LIBERTAD;OTUZCO;SALPO;2;5;17;4778;0;4778;CON
1176;053;LA ESPERANZA;LA ESPERANZA;120111;LA ESPERANZA;120410;LA LIBERTAD;OTUZCO;SINSICAP;2;3;26;7418;0;7418;CON
1177;053;LA ESPERANZA;LA ESPERANZA;120111;LA ESPERANZA;120411;LA LIBERTAD;OTUZCO;USQUIL;6;9;70;20078;0;20078;CON
1178;053;LA ESPERANZA;LA ESPERANZA;120111;LA ESPERANZA;120413;LA LIBERTAD;OTUZCO;MACHE;0;2;11;3129;0;3129;CON
1179;054;PACASMAYO;SAN PEDRO DE LLOC;120501;SAN PEDRO DE LLOC;120501;LA LIBERTAD;PACASMAYO;SAN PEDRO DE LLOC;0;5;51;15242;0;15242;CON
1180;054;PACASMAYO;SAN PEDRO DE LLOC;120501;SAN PEDRO DE LLOC;120503;LA LIBERTAD;PACASMAYO;GUADALUPE;1;8;107;31567;0;31567;CON
1181;054;PACASMAYO;SAN PEDRO DE LLOC;120501;SAN PEDRO DE LLOC;120504;LA LIBERTAD;PACASMAYO;JEQUETEPEQUE;0;2;12;3408;0;3408;CON
1182;054;PACASMAYO;SAN PEDRO DE LLOC;120501;SAN PEDRO DE LLOC;120506;LA LIBERTAD;PACASMAYO;PACASMAYO;0;7;86;25766;0;25766;CON
1183;054;PACASMAYO;SAN PEDRO DE LLOC;120501;SAN PEDRO DE LLOC;120508;LA LIBERTAD;PACASMAYO;SAN JOSE;0;3;35;10317;0;10317;CON
1184;054;PACASMAYO;SAN PEDRO DE LLOC;120501;SAN PEDRO DE LLOC;120801;LA LIBERTAD;ASCOPE;ASCOPE;0;3;23;6588;0;6588;CON
1185;054;PACASMAYO;SAN PEDRO DE LLOC;120501;SAN PEDRO DE LLOC;120802;LA LIBERTAD;ASCOPE;CHICAMA;2;7;49;13959;0;13959;CON
1186;054;PACASMAYO;SAN PEDRO DE LLOC;120501;SAN PEDRO DE LLOC;120803;LA LIBERTAD;ASCOPE;CHOCOPE;0;2;33;9553;0;9553;CON
1187;054;PACASMAYO;SAN PEDRO DE LLOC;120501;SAN PEDRO DE LLOC;120804;LA LIBERTAD;ASCOPE;SANTIAGO DE CAO;0;6;54;15919;0;15919;CON
1188;054;PACASMAYO;SAN PEDRO DE LLOC;120501;SAN PEDRO DE LLOC;120805;LA LIBERTAD;ASCOPE;MAGDALENA DE CAO;0;2;8;2315;0;2315;CON
1189;054;PACASMAYO;SAN PEDRO DE LLOC;120501;SAN PEDRO DE LLOC;120806;LA LIBERTAD;ASCOPE;PAIJAN;0;5;72;21538;0;21538;CON
1190;054;PACASMAYO;SAN PEDRO DE LLOC;120501;SAN PEDRO DE LLOC;120807;LA LIBERTAD;ASCOPE;RAZURI;0;2;23;6706;0;6706;CON
1191;054;PACASMAYO;SAN PEDRO DE LLOC;120501;SAN PEDRO DE LLOC;120808;LA LIBERTAD;ASCOPE;CASA GRANDE;2;7;80;23553;0;23553;CON
1192;054;PACASMAYO;SAN PEDRO DE LLOC;120501;SAN PEDRO DE LLOC;120901;LA LIBERTAD;CHEPEN;CHEPEN;0;19;148;43784;0;43784;CON
1193;054;PACASMAYO;SAN PEDRO DE LLOC;120501;SAN PEDRO DE LLOC;120902;LA LIBERTAD;CHEPEN;PACANGA;0;5;55;16430;0;16430;CON
1194;054;PACASMAYO;SAN PEDRO DE LLOC;120501;SAN PEDRO DE LLOC;120903;LA LIBERTAD;CHEPEN;PUEBLO NUEVO;0;4;37;10960;0;10960;CON
1195;054;PACASMAYO;SAN PEDRO DE LLOC;120501;SAN PEDRO DE LLOC;121101;LA LIBERTAD;GRAN CHIMU;CASCAS;0;6;43;12593;0;12593;CON
1196;054;PACASMAYO;SAN PEDRO DE LLOC;120501;SAN PEDRO DE LLOC;121102;LA LIBERTAD;GRAN CHIMU;LUCMA;0;2;13;3678;0;3678;CON
1197;054;PACASMAYO;SAN PEDRO DE LLOC;120501;SAN PEDRO DE LLOC;121103;LA LIBERTAD;GRAN CHIMU;MARMOT;0;1;7;2060;0;2060;CON
1198;054;PACASMAYO;SAN PEDRO DE LLOC;120501;SAN PEDRO DE LLOC;121104;LA LIBERTAD;GRAN CHIMU;SAYAPULLO;1;3;20;5418;0;5418;CON
1199;055;PATAZ;TAYABAMBA;120601;TAYABAMBA;120601;LA LIBERTAD;PATAZ;TAYABAMBA;2;4;39;11189;0;11189;CON
1200;055;PATAZ;TAYABAMBA;120601;TAYABAMBA;120602;LA LIBERTAD;PATAZ;BULDIBUYO;0;1;11;3284;0;3284;CON
1201;055;PATAZ;TAYABAMBA;120601;TAYABAMBA;120603;LA LIBERTAD;PATAZ;CHILLIA;2;6;37;10344;0;10344;CON
1202;055;PATAZ;TAYABAMBA;120601;TAYABAMBA;120604;LA LIBERTAD;PATAZ;HUAYLILLAS;0;1;4;1198;0;1198;CON
1203;055;PATAZ;TAYABAMBA;120601;TAYABAMBA;120605;LA LIBERTAD;PATAZ;HUANCASPATA;2;4;17;4674;0;4674;CON
1204;055;PATAZ;TAYABAMBA;120601;TAYABAMBA;120606;LA LIBERTAD;PATAZ;HUAYO;1;2;12;3230;0;3230;CON
1205;055;PATAZ;TAYABAMBA;120601;TAYABAMBA;120607;LA LIBERTAD;PATAZ;ONGON;0;1;6;1587;0;1587;CON
1206;055;PATAZ;TAYABAMBA;120601;TAYABAMBA;120608;LA LIBERTAD;PATAZ;PARCOY;1;4;41;12188;0;12188;CON
1207;055;PATAZ;TAYABAMBA;120601;TAYABAMBA;120609;LA LIBERTAD;PATAZ;PATAZ;0;4;24;6978;0;6978;CON
1208;055;PATAZ;TAYABAMBA;120601;TAYABAMBA;120610;LA LIBERTAD;PATAZ;PIAS;0;1;6;1577;0;1577;CON
1209;055;PATAZ;TAYABAMBA;120601;TAYABAMBA;120611;LA LIBERTAD;PATAZ;TAURIJA;0;1;8;2314;0;2314;CON
1210;055;PATAZ;TAYABAMBA;120601;TAYABAMBA;120612;LA LIBERTAD;PATAZ;URPAY;0;2;9;2417;0;2417;CON
1211;055;PATAZ;TAYABAMBA;120601;TAYABAMBA;120613;LA LIBERTAD;PATAZ;SANTIAGO DE CHALLAS;0;2;7;1873;0;1873;CON
1212;056;SANCHEZ CARRION;HUAMACHUCO;120301;HUAMACHUCO;120201;LA LIBERTAD;BOLIVAR;BOLIVAR;0;2;12;3315;0;3315;CON
1213;056;SANCHEZ CARRION;HUAMACHUCO;120301;HUAMACHUCO;120202;LA LIBERTAD;BOLIVAR;BAMBAMARCA;0;2;10;2971;0;2971;CON
1214;056;SANCHEZ CARRION;HUAMACHUCO;120301;HUAMACHUCO;120203;LA LIBERTAD;BOLIVAR;CONDORMARCA;0;1;6;1776;0;1776;CON
1215;056;SANCHEZ CARRION;HUAMACHUCO;120301;HUAMACHUCO;120204;LA LIBERTAD;BOLIVAR;LONGOTEA;1;3;7;1785;0;1785;CON
1216;056;SANCHEZ CARRION;HUAMACHUCO;120301;HUAMACHUCO;120205;LA LIBERTAD;BOLIVAR;UCUNCHA;0;1;4;1170;0;1170;CON
1217;056;SANCHEZ CARRION;HUAMACHUCO;120301;HUAMACHUCO;120206;LA LIBERTAD;BOLIVAR;UCHUMARCA;0;1;7;1892;0;1892;CON
1218;056;SANCHEZ CARRION;HUAMACHUCO;120301;HUAMACHUCO;120301;LA LIBERTAD;SANCHEZ CARRION;HUAMACHUCO;0;11;177;52960;0;52960;CON
1219;056;SANCHEZ CARRION;HUAMACHUCO;120301;HUAMACHUCO;120302;LA LIBERTAD;SANCHEZ CARRION;COCHORCO;2;3;27;7687;0;7687;CON
1220;056;SANCHEZ CARRION;HUAMACHUCO;120301;HUAMACHUCO;120303;LA LIBERTAD;SANCHEZ CARRION;CURGOS;1;3;25;7216;0;7216;CON
1221;056;SANCHEZ CARRION;HUAMACHUCO;120301;HUAMACHUCO;120304;LA LIBERTAD;SANCHEZ CARRION;CHUGAY;5;7;53;14945;0;14945;CON
1222;056;SANCHEZ CARRION;HUAMACHUCO;120301;HUAMACHUCO;120305;LA LIBERTAD;SANCHEZ CARRION;MARCABAL;1;3;36;10664;0;10664;CON
1223;056;SANCHEZ CARRION;HUAMACHUCO;120301;HUAMACHUCO;120306;LA LIBERTAD;SANCHEZ CARRION;SANAGORAN;3;6;40;11662;0;11662;CON
1224;056;SANCHEZ CARRION;HUAMACHUCO;120301;HUAMACHUCO;120307;LA LIBERTAD;SANCHEZ CARRION;SARIN;2;3;28;7967;0;7967;CON
1225;056;SANCHEZ CARRION;HUAMACHUCO;120301;HUAMACHUCO;120308;LA LIBERTAD;SANCHEZ CARRION;SARTIMBAMBA;3;7;40;11319;0;11319;CON
1226;056;SANCHEZ CARRION;HUAMACHUCO;120301;HUAMACHUCO;120701;LA LIBERTAD;SANTIAGO DE CHUCO;SANTIAGO DE CHUCO;3;7;60;17404;0;17404;CON
1227;056;SANCHEZ CARRION;HUAMACHUCO;120301;HUAMACHUCO;120702;LA LIBERTAD;SANTIAGO DE CHUCO;CACHICADAN;0;2;15;4249;0;4249;CON
1228;056;SANCHEZ CARRION;HUAMACHUCO;120301;HUAMACHUCO;120703;LA LIBERTAD;SANTIAGO DE CHUCO;MOLLEBAMBA;0;1;6;1524;0;1524;CON
1229;056;SANCHEZ CARRION;HUAMACHUCO;120301;HUAMACHUCO;120704;LA LIBERTAD;SANTIAGO DE CHUCO;MOLLEPATA;0;1;8;2221;0;2221;CON
1230;056;SANCHEZ CARRION;HUAMACHUCO;120301;HUAMACHUCO;120705;LA LIBERTAD;SANTIAGO DE CHUCO;QUIRUVILCA;1;6;30;8660;0;8660;CON
1231;056;SANCHEZ CARRION;HUAMACHUCO;120301;HUAMACHUCO;120706;LA LIBERTAD;SANTIAGO DE CHUCO;SANTA CRUZ DE CHUCA;0;1;9;2508;0;2508;CON
1232;056;SANCHEZ CARRION;HUAMACHUCO;120301;HUAMACHUCO;120707;LA LIBERTAD;SANTIAGO DE CHUCO;SITABAMBA;3;4;12;3141;0;3141;CON
1233;056;SANCHEZ CARRION;HUAMACHUCO;120301;HUAMACHUCO;120708;LA LIBERTAD;SANTIAGO DE CHUCO;ANGASMARCA;0;1;14;3911;0;3911;CON
1234;057;TRUJILLO;TRUJILLO;120101;TRUJILLO;120101;LA LIBERTAD;TRUJILLO;TRUJILLO;0;60;1007;301849;0;301849;CON
1235;057;TRUJILLO;TRUJILLO;120101;TRUJILLO;120102;LA LIBERTAD;TRUJILLO;HUANCHACO;1;17;203;60793;0;60793;CON
1236;057;TRUJILLO;TRUJILLO;120101;TRUJILLO;120103;LA LIBERTAD;TRUJILLO;LAREDO;0;7;113;33753;0;33753;CON
1237;057;TRUJILLO;TRUJILLO;120101;TRUJILLO;120106;LA LIBERTAD;TRUJILLO;SIMBAL;0;1;15;4302;0;4302;CON
1238;057;TRUJILLO;TRUJILLO;120101;TRUJILLO;120109;LA LIBERTAD;TRUJILLO;POROTO;1;2;14;3712;0;3712;CON
1239;057;TRUJILLO;TRUJILLO;120101;TRUJILLO;121001;LA LIBERTAD;JULCAN;JULCAN;2;4;35;10383;0;10383;CON
1240;057;TRUJILLO;TRUJILLO;120101;TRUJILLO;121002;LA LIBERTAD;JULCAN;CARABAMBA;0;2;20;5761;0;5761;CON
1241;057;TRUJILLO;TRUJILLO;120101;TRUJILLO;121003;LA LIBERTAD;JULCAN;CALAMARCA;2;4;20;5306;0;5306;CON
1242;057;TRUJILLO;TRUJILLO;120101;TRUJILLO;121004;LA LIBERTAD;JULCAN;HUASO;0;3;18;5176;0;5176;CON
1243;058;VICTOR LARCO HERRERA;VICTOR LARCO HERRERA;120107;VICTOR LARCO HERRERA;120104;LA LIBERTAD;TRUJILLO;MOCHE;0;12;115;34202;0;34202;CON
1244;058;VICTOR LARCO HERRERA;VICTOR LARCO HERRERA;120107;VICTOR LARCO HERRERA;120105;LA LIBERTAD;TRUJILLO;SALAVERRY;0;4;57;17057;0;17057;CON
1245;058;VICTOR LARCO HERRERA;VICTOR LARCO HERRERA;120107;VICTOR LARCO HERRERA;120107;LA LIBERTAD;TRUJILLO;VICTOR LARCO HERRERA;0;13;213;63760;1;63761;CON
1246;058;VICTOR LARCO HERRERA;VICTOR LARCO HERRERA;120107;VICTOR LARCO HERRERA;121201;LA LIBERTAD;VIRU;VIRU;0;6;164;48920;0;48920;CON
1247;058;VICTOR LARCO HERRERA;VICTOR LARCO HERRERA;120107;VICTOR LARCO HERRERA;121202;LA LIBERTAD;VIRU;CHAO;0;5;104;31046;0;31046;CON
1248;058;VICTOR LARCO HERRERA;VICTOR LARCO HERRERA;120107;VICTOR LARCO HERRERA;121203;LA LIBERTAD;VIRU;GUADALUPITO;0;3;19;5619;0;5619;CON
1249;059;CHICLAYO;CHICLAYO;130101;CHICLAYO;130101;LAMBAYEQUE;CHICLAYO;CHICLAYO;0;88;869;260175;1;260176;CON
1250;059;CHICLAYO;CHICLAYO;130101;CHICLAYO;130103;LAMBAYEQUE;CHICLAYO;ETEN;0;3;34;10132;0;10132;CON
1251;059;CHICLAYO;CHICLAYO;130101;CHICLAYO;130104;LAMBAYEQUE;CHICLAYO;ETEN PUERTO;0;2;8;2277;0;2277;CON
1252;059;CHICLAYO;CHICLAYO;130101;CHICLAYO;130106;LAMBAYEQUE;CHICLAYO;MONSEFU;1;14;105;31047;0;31047;CON
1253;059;CHICLAYO;CHICLAYO;130101;CHICLAYO;130110;LAMBAYEQUE;CHICLAYO;PIMENTEL;0;13;99;29410;0;29410;CON
1254;059;CHICLAYO;CHICLAYO;130101;CHICLAYO;130111;LAMBAYEQUE;CHICLAYO;REQUE;0;6;46;13728;0;13728;CON
1255;059;CHICLAYO;CHICLAYO;130101;CHICLAYO;130113;LAMBAYEQUE;CHICLAYO;SANTA ROSA;0;3;35;10267;0;10267;CON
1256;059;CHICLAYO;CHICLAYO;130101;CHICLAYO;130115;LAMBAYEQUE;CHICLAYO;LA VICTORIA;0;21;255;76367;0;76367;CON
1257;060;JOSE LEONARDO ORTIZ;JOSE LEONARDO ORTIZ;130112;JOSE LEONARDO ORTIZ;130102;LAMBAYEQUE;CHICLAYO;CHONGOYAPE;1;6;54;15649;0;15649;CON
1258;060;JOSE LEONARDO ORTIZ;JOSE LEONARDO ORTIZ;130112;JOSE LEONARDO ORTIZ;130105;LAMBAYEQUE;CHICLAYO;LAGUNAS;0;5;29;8486;0;8486;CON
1259;060;JOSE LEONARDO ORTIZ;JOSE LEONARDO ORTIZ;130112;JOSE LEONARDO ORTIZ;130107;LAMBAYEQUE;CHICLAYO;NUEVA ARICA;0;2;8;2335;0;2335;CON
1260;060;JOSE LEONARDO ORTIZ;JOSE LEONARDO ORTIZ;130112;JOSE LEONARDO ORTIZ;130108;LAMBAYEQUE;CHICLAYO;OYOTUN;0;3;24;7027;0;7027;CON
1261;060;JOSE LEONARDO ORTIZ;JOSE LEONARDO ORTIZ;130112;JOSE LEONARDO ORTIZ;130109;LAMBAYEQUE;CHICLAYO;PICSI;0;3;25;7432;0;7432;CON
1262;060;JOSE LEONARDO ORTIZ;JOSE LEONARDO ORTIZ;130112;JOSE LEONARDO ORTIZ;130112;LAMBAYEQUE;CHICLAYO;JOSE LEONARDO ORTIZ;0;49;477;142921;0;142921;CON
1263;060;JOSE LEONARDO ORTIZ;JOSE LEONARDO ORTIZ;130112;JOSE LEONARDO ORTIZ;130114;LAMBAYEQUE;CHICLAYO;SAÑA;1;4;29;8098;0;8098;CON
1264;060;JOSE LEONARDO ORTIZ;JOSE LEONARDO ORTIZ;130112;JOSE LEONARDO ORTIZ;130116;LAMBAYEQUE;CHICLAYO;CAYALTI;0;4;45;13378;0;13378;CON
1265;060;JOSE LEONARDO ORTIZ;JOSE LEONARDO ORTIZ;130112;JOSE LEONARDO ORTIZ;130117;LAMBAYEQUE;CHICLAYO;PATAPO;1;8;62;18079;0;18079;CON
1266;060;JOSE LEONARDO ORTIZ;JOSE LEONARDO ORTIZ;130112;JOSE LEONARDO ORTIZ;130118;LAMBAYEQUE;CHICLAYO;POMALCA;0;7;74;21939;0;21939;CON
1267;060;JOSE LEONARDO ORTIZ;JOSE LEONARDO ORTIZ;130112;JOSE LEONARDO ORTIZ;130119;LAMBAYEQUE;CHICLAYO;PUCALA;0;3;24;6874;0;6874;CON
1268;060;JOSE LEONARDO ORTIZ;JOSE LEONARDO ORTIZ;130112;JOSE LEONARDO ORTIZ;130120;LAMBAYEQUE;CHICLAYO;TUMAN;0;9;80;23832;0;23832;CON
1269;061;LAMBAYEQUE;LAMBAYEQUE;130301;LAMBAYEQUE;130201;LAMBAYEQUE;FERREÑAFE;FERREÑAFE;0;12;101;29962;0;29962;CON
1270;061;LAMBAYEQUE;LAMBAYEQUE;130301;LAMBAYEQUE;130202;LAMBAYEQUE;FERREÑAFE;INCAHUASI;8;12;47;12901;0;12901;CON
1271;061;LAMBAYEQUE;LAMBAYEQUE;130301;LAMBAYEQUE;130203;LAMBAYEQUE;FERREÑAFE;CAÑARIS;10;12;46;11955;0;11955;CON
1272;061;LAMBAYEQUE;LAMBAYEQUE;130301;LAMBAYEQUE;130204;LAMBAYEQUE;FERREÑAFE;PITIPO;1;8;60;17700;0;17700;CON
1273;061;LAMBAYEQUE;LAMBAYEQUE;130301;LAMBAYEQUE;130205;LAMBAYEQUE;FERREÑAFE;PUEBLO NUEVO;0;5;40;11958;0;11958;CON
1274;061;LAMBAYEQUE;LAMBAYEQUE;130301;LAMBAYEQUE;130206;LAMBAYEQUE;FERREÑAFE;MANUEL ANTONIO MESONES MURO;0;3;13;3747;0;3747;CON
1275;061;LAMBAYEQUE;LAMBAYEQUE;130301;LAMBAYEQUE;130301;LAMBAYEQUE;LAMBAYEQUE;LAMBAYEQUE;1;15;205;61174;0;61174;CON
1276;061;LAMBAYEQUE;LAMBAYEQUE;130301;LAMBAYEQUE;130302;LAMBAYEQUE;LAMBAYEQUE;CHOCHOPE;0;2;6;1730;0;1730;CON
1277;061;LAMBAYEQUE;LAMBAYEQUE;130301;LAMBAYEQUE;130303;LAMBAYEQUE;LAMBAYEQUE;ILLIMO;0;5;29;8675;0;8675;CON
1278;061;LAMBAYEQUE;LAMBAYEQUE;130301;LAMBAYEQUE;130304;LAMBAYEQUE;LAMBAYEQUE;JAYANCA;2;9;54;15850;0;15850;CON
1279;061;LAMBAYEQUE;LAMBAYEQUE;130301;LAMBAYEQUE;130305;LAMBAYEQUE;LAMBAYEQUE;MOCHUMI;1;7;57;16567;0;16567;CON
1280;061;LAMBAYEQUE;LAMBAYEQUE;130301;LAMBAYEQUE;130306;LAMBAYEQUE;LAMBAYEQUE;MORROPE;4;17;133;39404;0;39404;CON
1281;061;LAMBAYEQUE;LAMBAYEQUE;130301;LAMBAYEQUE;130307;LAMBAYEQUE;LAMBAYEQUE;MOTUPE;4;12;86;25061;0;25061;CON
1282;061;LAMBAYEQUE;LAMBAYEQUE;130301;LAMBAYEQUE;130308;LAMBAYEQUE;LAMBAYEQUE;OLMOS;11;23;140;40221;0;40221;CON
1283;061;LAMBAYEQUE;LAMBAYEQUE;130301;LAMBAYEQUE;130309;LAMBAYEQUE;LAMBAYEQUE;PACORA;0;3;23;6795;0;6795;CON
1284;061;LAMBAYEQUE;LAMBAYEQUE;130301;LAMBAYEQUE;130310;LAMBAYEQUE;LAMBAYEQUE;SALAS;8;11;48;12983;0;12983;CON
1285;061;LAMBAYEQUE;LAMBAYEQUE;130301;LAMBAYEQUE;130311;LAMBAYEQUE;LAMBAYEQUE;SAN JOSE;0;6;44;13180;0;13180;CON
1286;061;LAMBAYEQUE;LAMBAYEQUE;130301;LAMBAYEQUE;130312;LAMBAYEQUE;LAMBAYEQUE;TUCUME;0;8;69;20508;0;20508;CON
1287;062;BREÑA;BREÑA;140104;BREÑA;140104;LIMA;LIMA;BREÑA;0;23;349;103995;1;103996;CON
1288;063;CAÑETE;SAN VICENTE DE CAÑETE;140401;SAN VICENTE DE CAÑETE;140401;LIMA;CAÑETE;SAN VICENTE DE CAÑETE;0;13;152;45594;0;45594;CON
1289;063;CAÑETE;SAN VICENTE DE CAÑETE;140401;SAN VICENTE DE CAÑETE;140402;LIMA;CAÑETE;CALANGO;0;1;7;2058;0;2058;CON
1290;063;CAÑETE;SAN VICENTE DE CAÑETE;140401;SAN VICENTE DE CAÑETE;140403;LIMA;CAÑETE;CERRO AZUL;0;2;23;6690;0;6690;CON
1291;063;CAÑETE;SAN VICENTE DE CAÑETE;140401;SAN VICENTE DE CAÑETE;140404;LIMA;CAÑETE;COAYLLO;0;1;5;1464;0;1464;CON
1292;063;CAÑETE;SAN VICENTE DE CAÑETE;140401;SAN VICENTE DE CAÑETE;140405;LIMA;CAÑETE;CHILCA;0;6;57;16817;0;16817;CON
1293;063;CAÑETE;SAN VICENTE DE CAÑETE;140401;SAN VICENTE DE CAÑETE;140406;LIMA;CAÑETE;IMPERIAL;0;10;108;32155;0;32155;CON
1294;063;CAÑETE;SAN VICENTE DE CAÑETE;140401;SAN VICENTE DE CAÑETE;140407;LIMA;CAÑETE;LUNAHUANA;0;1;13;3681;0;3681;CON
1295;063;CAÑETE;SAN VICENTE DE CAÑETE;140401;SAN VICENTE DE CAÑETE;140408;LIMA;CAÑETE;MALA;0;7;86;25525;0;25525;CON
1296;063;CAÑETE;SAN VICENTE DE CAÑETE;140401;SAN VICENTE DE CAÑETE;140409;LIMA;CAÑETE;NUEVO IMPERIAL;4;7;67;19367;0;19367;CON
1297;063;CAÑETE;SAN VICENTE DE CAÑETE;140401;SAN VICENTE DE CAÑETE;140410;LIMA;CAÑETE;PACARAN;0;2;6;1587;0;1587;CON
1298;063;CAÑETE;SAN VICENTE DE CAÑETE;140401;SAN VICENTE DE CAÑETE;140411;LIMA;CAÑETE;QUILMANA;0;5;47;13889;0;13889;CON
1299;063;CAÑETE;SAN VICENTE DE CAÑETE;140401;SAN VICENTE DE CAÑETE;140412;LIMA;CAÑETE;SAN ANTONIO;0;2;12;3447;0;3447;CON
1300;063;CAÑETE;SAN VICENTE DE CAÑETE;140401;SAN VICENTE DE CAÑETE;140413;LIMA;CAÑETE;SAN LUIS;0;4;38;11116;0;11116;CON
1301;063;CAÑETE;SAN VICENTE DE CAÑETE;140401;SAN VICENTE DE CAÑETE;140414;LIMA;CAÑETE;SANTA CRUZ DE FLORES;0;1;9;2405;0;2405;CON
1302;063;CAÑETE;SAN VICENTE DE CAÑETE;140401;SAN VICENTE DE CAÑETE;140415;LIMA;CAÑETE;ZUÑIGA;0;1;5;1208;0;1208;CON
1303;063;CAÑETE;SAN VICENTE DE CAÑETE;140401;SAN VICENTE DE CAÑETE;140416;LIMA;CAÑETE;ASIA;0;4;38;11226;0;11226;CON
1304;064;CARABAYLLO;CARABAYLLO;140105;CARABAYLLO;140105;LIMA;LIMA;CARABAYLLO;1;60;861;257501;1;257502;CON
1305;065;CHORRILLOS;BARRANCO;140125;BARRANCO;140108;LIMA;LIMA;CHORRILLOS;0;74;899;269309;5;269314;CON
1306;065;CHORRILLOS;BARRANCO;140125;BARRANCO;140125;LIMA;LIMA;BARRANCO;0;12;149;44675;2;44677;CON
1307;066;HUARAL;HUARAL;140801;HUARAL;140301;LIMA;CANTA;CANTA;0;1;10;2875;0;2875;CON
1308;066;HUARAL;HUARAL;140801;HUARAL;140302;LIMA;CANTA;ARAHUAY;0;1;3;815;0;815;CON
1309;066;HUARAL;HUARAL;140801;HUARAL;140303;LIMA;CANTA;HUAMANTANGA;0;1;3;808;0;808;CON
1310;066;HUARAL;HUARAL;140801;HUARAL;140304;LIMA;CANTA;HUAROS;0;1;4;933;0;933;CON
1311;066;HUARAL;HUARAL;140801;HUARAL;140305;LIMA;CANTA;LACHAQUI;0;1;4;1015;0;1015;CON
1312;066;HUARAL;HUARAL;140801;HUARAL;140306;LIMA;CANTA;SAN BUENAVENTURA;0;1;2;511;0;511;CON
1313;066;HUARAL;HUARAL;140801;HUARAL;140307;LIMA;CANTA;SANTA ROSA DE QUIVES;1;3;22;6027;0;6027;CON
1314;066;HUARAL;HUARAL;140801;HUARAL;140801;LIMA;HUARAL;HUARAL;1;22;296;88648;0;88648;CON
1315;066;HUARAL;HUARAL;140801;HUARAL;140802;LIMA;HUARAL;ATAVILLOS ALTO;0;1;3;750;0;750;CON
1316;066;HUARAL;HUARAL;140801;HUARAL;140803;LIMA;HUARAL;ATAVILLOS BAJO;0;1;3;742;0;742;CON
1317;066;HUARAL;HUARAL;140801;HUARAL;140804;LIMA;HUARAL;AUCALLAMA;0;4;50;14940;0;14940;CON
1318;066;HUARAL;HUARAL;140801;HUARAL;140805;LIMA;HUARAL;CHANCAY;0;11;176;52581;1;52582;CON
1319;066;HUARAL;HUARAL;140801;HUARAL;140806;LIMA;HUARAL;IHUARI;0;2;9;2637;0;2637;CON
1320;066;HUARAL;HUARAL;140801;HUARAL;140807;LIMA;HUARAL;LAMPIAN;0;1;3;627;0;627;CON
1321;066;HUARAL;HUARAL;140801;HUARAL;140808;LIMA;HUARAL;PACARAOS;0;1;3;843;0;843;CON
1322;066;HUARAL;HUARAL;140801;HUARAL;140809;LIMA;HUARAL;SAN MIGUEL DE ACOS;0;1;4;931;0;931;CON
1323;066;HUARAL;HUARAL;140801;HUARAL;140810;LIMA;HUARAL;VEINTISIETE DE NOVIEMBRE;0;1;3;666;0;666;CON
1324;066;HUARAL;HUARAL;140801;HUARAL;140811;LIMA;HUARAL;SANTA CRUZ DE ANDAMARCA;0;1;2;437;0;437;CON
1325;066;HUARAL;HUARAL;140801;HUARAL;140812;LIMA;HUARAL;SUMBILCA;0;1;3;875;0;875;CON
1326;067;HUAROCHIRI;SANTA EULALIA;140625;SANTA EULALIA;140601;LIMA;HUAROCHIRI;MATUCANA;0;2;15;4419;0;4419;CON
1327;067;HUAROCHIRI;SANTA EULALIA;140625;SANTA EULALIA;140602;LIMA;HUAROCHIRI;ANTIOQUIA;0;1;6;1514;0;1514;CON
1328;067;HUAROCHIRI;SANTA EULALIA;140625;SANTA EULALIA;140603;LIMA;HUAROCHIRI;CALLAHUANCA;0;1;3;805;0;805;CON
1329;067;HUAROCHIRI;SANTA EULALIA;140625;SANTA EULALIA;140604;LIMA;HUAROCHIRI;CARAMPOMA;0;1;2;399;0;399;CON
1330;067;HUAROCHIRI;SANTA EULALIA;140625;SANTA EULALIA;140605;LIMA;HUAROCHIRI;SAN PEDRO DE CASTA;0;1;4;1039;0;1039;CON
1331;067;HUAROCHIRI;SANTA EULALIA;140625;SANTA EULALIA;140606;LIMA;HUAROCHIRI;CUENCA;0;1;3;660;0;660;CON
1332;067;HUAROCHIRI;SANTA EULALIA;140625;SANTA EULALIA;140607;LIMA;HUAROCHIRI;CHICLA;0;1;6;1762;0;1762;CON
1333;067;HUAROCHIRI;SANTA EULALIA;140625;SANTA EULALIA;140608;LIMA;HUAROCHIRI;HUANZA;0;1;3;732;0;732;CON
1334;067;HUAROCHIRI;SANTA EULALIA;140625;SANTA EULALIA;140609;LIMA;HUAROCHIRI;HUAROCHIRI;0;1;5;1404;0;1404;CON
1335;067;HUAROCHIRI;SANTA EULALIA;140625;SANTA EULALIA;140610;LIMA;HUAROCHIRI;LAHUAYTAMBO;0;1;3;611;0;611;CON
1336;067;HUAROCHIRI;SANTA EULALIA;140625;SANTA EULALIA;140611;LIMA;HUAROCHIRI;LANGA;0;1;4;925;0;925;CON
1337;067;HUAROCHIRI;SANTA EULALIA;140625;SANTA EULALIA;140612;LIMA;HUAROCHIRI;MARIATANA;2;3;5;1368;0;1368;CON
1338;067;HUAROCHIRI;SANTA EULALIA;140625;SANTA EULALIA;140613;LIMA;HUAROCHIRI;RICARDO PALMA;0;2;21;6279;0;6279;CON
1339;067;HUAROCHIRI;SANTA EULALIA;140625;SANTA EULALIA;140614;LIMA;HUAROCHIRI;SAN ANDRES DE TUPICOCHA;0;1;5;1398;0;1398;CON
1340;067;HUAROCHIRI;SANTA EULALIA;140625;SANTA EULALIA;140615;LIMA;HUAROCHIRI;SAN ANTONIO;2;15;139;40949;0;40949;CON
1341;067;HUAROCHIRI;SANTA EULALIA;140625;SANTA EULALIA;140616;LIMA;HUAROCHIRI;SAN BARTOLOME;0;1;4;1105;0;1105;CON
1342;067;HUAROCHIRI;SANTA EULALIA;140625;SANTA EULALIA;140617;LIMA;HUAROCHIRI;SAN DAMIAN;1;2;5;1401;0;1401;CON
1343;067;HUAROCHIRI;SANTA EULALIA;140625;SANTA EULALIA;140618;LIMA;HUAROCHIRI;SANGALLAYA;0;1;2;592;0;592;CON
1344;067;HUAROCHIRI;SANTA EULALIA;140625;SANTA EULALIA;140619;LIMA;HUAROCHIRI;SAN JUAN DE TANTARANCHE;1;2;2;353;0;353;CON
1345;067;HUAROCHIRI;SANTA EULALIA;140625;SANTA EULALIA;140620;LIMA;HUAROCHIRI;SAN LORENZO DE QUINTI;1;2;5;1182;0;1182;CON
1346;067;HUAROCHIRI;SANTA EULALIA;140625;SANTA EULALIA;140621;LIMA;HUAROCHIRI;SAN MATEO;0;1;13;3775;0;3775;CON
1347;067;HUAROCHIRI;SANTA EULALIA;140625;SANTA EULALIA;140622;LIMA;HUAROCHIRI;SAN MATEO DE OTAO;0;1;6;1768;0;1768;CON
1348;067;HUAROCHIRI;SANTA EULALIA;140625;SANTA EULALIA;140623;LIMA;HUAROCHIRI;SAN PEDRO DE HUANCAYRE;0;1;1;250;0;250;CON
1349;067;HUAROCHIRI;SANTA EULALIA;140625;SANTA EULALIA;140624;LIMA;HUAROCHIRI;SANTA CRUZ DE COCACHACRA;0;1;8;2212;0;2212;CON
1350;067;HUAROCHIRI;SANTA EULALIA;140625;SANTA EULALIA;140625;LIMA;HUAROCHIRI;SANTA EULALIA;0;4;37;10877;0;10877;CON
1351;067;HUAROCHIRI;SANTA EULALIA;140625;SANTA EULALIA;140626;LIMA;HUAROCHIRI;SANTIAGO DE ANCHUCAYA;0;1;2;477;0;477;CON
1352;067;HUAROCHIRI;SANTA EULALIA;140625;SANTA EULALIA;140627;LIMA;HUAROCHIRI;SANTIAGO DE TUNA;0;1;2;579;0;579;CON
1353;067;HUAROCHIRI;SANTA EULALIA;140625;SANTA EULALIA;140628;LIMA;HUAROCHIRI;SANTO DOMINGO DE LOS OLLEROS;4;5;20;5439;0;5439;CON
1354;067;HUAROCHIRI;SANTA EULALIA;140625;SANTA EULALIA;140629;LIMA;HUAROCHIRI;SURCO;0;2;6;1675;0;1675;CON
1355;067;HUAROCHIRI;SANTA EULALIA;140625;SANTA EULALIA;140630;LIMA;HUAROCHIRI;HUACHUPAMPA;0;1;3;722;0;722;CON
1356;067;HUAROCHIRI;SANTA EULALIA;140625;SANTA EULALIA;140631;LIMA;HUAROCHIRI;SAN PEDRO DE LARAOS;0;1;2;364;0;364;CON
1357;067;HUAROCHIRI;SANTA EULALIA;140625;SANTA EULALIA;140632;LIMA;HUAROCHIRI;SAN JUAN DE IRIS;0;1;2;489;0;489;CON
1358;068;HUAURA;HUACHO;140501;HUACHO;140201;LIMA;CAJATAMBO;CAJATAMBO;1;2;6;1684;0;1684;CON
1359;068;HUAURA;HUACHO;140501;HUACHO;140205;LIMA;CAJATAMBO;COPA;1;2;4;1025;0;1025;CON
1360;068;HUAURA;HUACHO;140501;HUACHO;140206;LIMA;CAJATAMBO;GORGOR;1;2;6;1471;0;1471;CON
1361;068;HUAURA;HUACHO;140501;HUACHO;140207;LIMA;CAJATAMBO;HUANCAPON;1;2;4;884;0;884;CON
1362;068;HUAURA;HUACHO;140501;HUACHO;140208;LIMA;CAJATAMBO;MANAS;1;2;4;995;0;995;CON
1363;068;HUAURA;HUACHO;140501;HUACHO;140501;LIMA;HUAURA;HUACHO;0;10;189;56263;0;56263;CON
1364;068;HUAURA;HUACHO;140501;HUACHO;140502;LIMA;HUAURA;AMBAR;0;2;8;2262;0;2262;CON
1365;068;HUAURA;HUACHO;140501;HUACHO;140504;LIMA;HUAURA;CALETA DE CARQUIN;0;3;18;5230;0;5230;CON
1366;068;HUAURA;HUACHO;140501;HUACHO;140505;LIMA;HUAURA;CHECRAS;0;1;3;847;0;847;CON
1367;068;HUAURA;HUACHO;140501;HUACHO;140506;LIMA;HUAURA;HUALMAY;0;5;75;22245;0;22245;CON
1368;068;HUAURA;HUACHO;140501;HUACHO;140507;LIMA;HUAURA;HUAURA;0;11;97;28828;0;28828;CON
1369;068;HUAURA;HUACHO;140501;HUACHO;140508;LIMA;HUAURA;LEONCIO PRADO;1;2;8;2008;0;2008;CON
1370;068;HUAURA;HUACHO;140501;HUACHO;140509;LIMA;HUAURA;PACCHO;1;2;6;1671;0;1671;CON
1371;068;HUAURA;HUACHO;140501;HUACHO;140511;LIMA;HUAURA;SANTA LEONOR;1;2;4;1075;0;1075;CON
1372;068;HUAURA;HUACHO;140501;HUACHO;140512;LIMA;HUAURA;SANTA MARIA;0;9;107;32096;0;32096;CON
1373;068;HUAURA;HUACHO;140501;HUACHO;140513;LIMA;HUAURA;SAYAN;1;5;66;19669;0;19669;CON
1374;068;HUAURA;HUACHO;140501;HUACHO;140516;LIMA;HUAURA;VEGUETA;0;6;74;22065;0;22065;CON
1375;068;HUAURA;HUACHO;140501;HUACHO;140901;LIMA;BARRANCA;BARRANCA;0;14;195;58131;0;58131;CON
1376;068;HUAURA;HUACHO;140501;HUACHO;140902;LIMA;BARRANCA;PARAMONGA;0;7;66;19393;0;19393;CON
1377;068;HUAURA;HUACHO;140501;HUACHO;140903;LIMA;BARRANCA;PATIVILCA;1;6;54;15520;0;15520;CON
1378;068;HUAURA;HUACHO;140501;HUACHO;140904;LIMA;BARRANCA;SUPE;0;5;71;21001;0;21001;CON
1379;068;HUAURA;HUACHO;140501;HUACHO;140905;LIMA;BARRANCA;SUPE PUERTO;0;5;35;10435;0;10435;CON
1380;068;HUAURA;HUACHO;140501;HUACHO;141001;LIMA;OYON;OYON;0;3;24;7168;0;7168;CON
1381;068;HUAURA;HUACHO;140501;HUACHO;141002;LIMA;OYON;NAVAN;1;2;3;817;0;817;CON
1382;068;HUAURA;HUACHO;140501;HUACHO;141003;LIMA;OYON;CAUJUL;1;2;3;572;0;572;CON
1383;068;HUAURA;HUACHO;140501;HUACHO;141004;LIMA;OYON;ANDAJES;0;1;2;553;0;553;CON
1384;068;HUAURA;HUACHO;140501;HUACHO;141005;LIMA;OYON;PACHANGARA;3;5;12;2775;0;2775;CON
1385;068;HUAURA;HUACHO;140501;HUACHO;141006;LIMA;OYON;COCHAMARCA;2;3;6;1460;0;1460;CON
1386;069;INDEPENDENCIA;INDEPENDENCIA;140134;INDEPENDENCIA;140134;LIMA;LIMA;INDEPENDENCIA;0;48;595;178438;1;178439;CON
1387;070;LA MOLINA;LA MOLINA;140110;LA MOLINA;140110;LIMA;LIMA;LA MOLINA;0;39;574;171034;1;171035;CON
1388;071;LA VICTORIA;LA VICTORIA;140109;LA VICTORIA;140109;LIMA;LIMA;LA VICTORIA;0;45;640;191738;0;191738;CON
1389;071;LA VICTORIA;LA VICTORIA;140109;LA VICTORIA;140138;LIMA;LIMA;SAN LUIS;0;15;190;56486;0;56486;CON
1390;072;LIMA CENTRO 2;JESUS MARIA;140133;JESUS MARIA;140133;LIMA;LIMA;JESUS MARIA;0;21;427;127880;1;127881;CON
1391;073;LIMA CENTRO 3;LIMA;140101;LIMA;140101;LIMA;LIMA;LIMA;0;56;1015;303758;1;303759;CON
1392;074;LIMA ESTE 1;ATE;140103;ATE;140103;LIMA;LIMA;ATE;0;123;1671;493109;4;493113;CON
1393;075;LIMA ESTE 2;EL AGUSTINO;140135;EL AGUSTINO;140135;LIMA;LIMA;EL AGUSTINO;1;44;566;169656;0;169656;CON
1394;076;LIMA NORTE 1;PUENTE PIEDRA;140119;PUENTE PIEDRA;140102;LIMA;LIMA;ANCON;0;10;164;48710;0;48710;CON
1395;076;LIMA NORTE 1;PUENTE PIEDRA;140119;PUENTE PIEDRA;140119;LIMA;LIMA;PUENTE PIEDRA;0;68;891;267010;1;267011;CON
1396;076;LIMA NORTE 1;PUENTE PIEDRA;140119;PUENTE PIEDRA;140129;LIMA;LIMA;SANTA ROSA;1;10;68;19923;0;19923;CON
1397;077;LIMA NORTE 2;COMAS;140106;COMAS;140106;LIMA;LIMA;COMAS;0;143;1499;448793;0;448793;CON
1398;078;LIMA NORTE 3;RIMAC;140122;RIMAC;140122;LIMA;LIMA;RIMAC;0;36;560;167434;2;167436;CON
1399;079;LIMA OESTE 1;SAN ISIDRO;140124;SAN ISIDRO;140111;LIMA;LIMA;LINCE;0;12;290;86524;2;86526;CON
1400;079;LIMA OESTE 1;SAN ISIDRO;140124;SAN ISIDRO;140114;LIMA;LIMA;MAGDALENA DEL MAR;0;19;256;76668;1;76669;CON
1401;079;LIMA OESTE 1;SAN ISIDRO;140124;SAN ISIDRO;140124;LIMA;LIMA;SAN ISIDRO;0;9;282;84387;2;84389;CON
1402;080;LIMA OESTE 2;MIRAFLORES;140115;MIRAFLORES;140115;LIMA;LIMA;MIRAFLORES;0;27;478;143255;3;143258;CON
1403;080;LIMA OESTE 2;MIRAFLORES;140115;MIRAFLORES;140131;LIMA;LIMA;SURQUILLO;0;23;338;101296;0;101296;CON
1404;081;LIMA OESTE 3;SANTIAGO DE SURCO;140130;SANTIAGO DE SURCO;140130;LIMA;LIMA;SANTIAGO DE SURCO;0;66;1179;353537;7;353544;CON
1405;082;LIMA SUR 1;LURIN;140113;LURIN;140113;LIMA;LIMA;LURIN;0;17;248;74108;0;74108;CON
1406;082;LIMA SUR 1;LURIN;140113;LURIN;140116;LIMA;LIMA;PACHACAMAC;2;25;319;94503;0;94503;CON
1407;082;LIMA SUR 1;LURIN;140113;LURIN;140118;LIMA;LIMA;PUCUSANA;0;5;44;13014;0;13014;CON
1408;082;LIMA SUR 1;LURIN;140113;LURIN;140120;LIMA;LIMA;PUNTA HERMOSA;0;3;33;9622;0;9622;CON
1409;082;LIMA SUR 1;LURIN;140113;LURIN;140121;LIMA;LIMA;PUNTA NEGRA;0;3;25;7333;0;7333;CON
1410;082;LIMA SUR 1;LURIN;140113;LURIN;140123;LIMA;LIMA;SAN BARTOLO;0;2;24;7019;0;7019;CON
1411;082;LIMA SUR 1;LURIN;140113;LURIN;140128;LIMA;LIMA;SANTA MARIA DEL MAR;0;1;6;1539;0;1539;CON
1412;082;LIMA SUR 1;LURIN;140113;LURIN;140139;LIMA;LIMA;CIENEGUILLA;0;7;105;31211;1;31212;CON
1413;083;LIMA SUR 2;VILLA MARIA DEL TRIUNFO;140132;VILLA MARIA DEL TRIUNFO;140132;LIMA;LIMA;VILLA MARIA DEL TRIUNFO;0;86;1234;369746;3;369749;CON
1414;084;LOS OLIVOS;LOS OLIVOS;140142;LOS OLIVOS;140142;LIMA;LIMA;LOS OLIVOS;0;61;984;294809;2;294811;CON
1415;085;LURIGANCHO;CHOSICA;140112;LURIGANCHO;140107;LIMA;LIMA;CHACLACAYO;0;8;138;41084;1;41085;CON
1416;085;LURIGANCHO;CHOSICA;140112;LURIGANCHO;140112;LIMA;LIMA;LURIGANCHO;5;41;550;163824;0;163824;CON
1417;086;PUEBLO LIBRE;PUEBLO LIBRE;140117;PUEBLO LIBRE;140117;LIMA;LIMA;PUEBLO LIBRE;0;23;337;99514;0;99514;CON
1418;087;SAN BORJA;SAN BORJA;140140;SAN BORJA;140140;LIMA;LIMA;SAN BORJA;0;25;422;126163;1;126164;CON
1419;088;SAN JUAN DE LURIGANCHO;SAN JUAN DE LURIGANCHO;140137;SAN JUAN DE LURIGANCHO;140137;LIMA;LIMA;SAN JUAN DE LURIGANCHO;0;219;2731;818365;2;818367;CON
1420;089;SAN JUAN DE MIRAFLORES;SAN JUAN DE MIRAFLORES;140136;SAN JUAN DE MIRAFLORES;140136;LIMA;LIMA;SAN JUAN DE MIRAFLORES;0;68;1115;334100;2;334102;CON
1421;090;SAN MARTIN DE PORRES;SAN MARTIN DE PORRES;140126;SAN MARTIN DE PORRES;140126;LIMA;LIMA;SAN MARTIN DE PORRES;0;171;1786;533869;1;533870;CON
1422;091;SAN MIGUEL;SAN MIGUEL;140127;SAN MIGUEL;140127;LIMA;LIMA;SAN MIGUEL;0;30;507;151833;1;151834;CON
1423;092;SANTA ANITA;SANTA ANITA;140143;SANTA ANITA;140143;LIMA;LIMA;SANTA ANITA;0;36;631;188800;0;188800;CON
1424;093;VILLA EL SALVADOR;VILLA EL SALVADOR;140141;VILLA EL SALVADOR;140141;LIMA;LIMA;VILLA EL SALVADOR;0;73;1171;349907;0;349907;CON
1425;094;YAUYOS;YAUYOS;140701;YAUYOS;140701;LIMA;YAUYOS;YAUYOS;0;1;5;1335;0;1335;CON
1426;094;YAUYOS;YAUYOS;140701;YAUYOS;140702;LIMA;YAUYOS;ALIS;0;1;2;472;0;472;CON
1427;094;YAUYOS;YAUYOS;140701;YAUYOS;140703;LIMA;YAUYOS;ALLAUCA;1;2;5;1369;0;1369;CON
1428;094;YAUYOS;YAUYOS;140701;YAUYOS;140704;LIMA;YAUYOS;AYAVIRI;0;1;2;504;0;504;CON
1429;094;YAUYOS;YAUYOS;140701;YAUYOS;140705;LIMA;YAUYOS;AZANGARO;0;1;3;683;0;683;CON
1430;094;YAUYOS;YAUYOS;140701;YAUYOS;140706;LIMA;YAUYOS;CACRA;0;1;3;616;0;616;CON
1431;094;YAUYOS;YAUYOS;140701;YAUYOS;140707;LIMA;YAUYOS;CARANIA;0;1;1;280;0;280;CON
1432;094;YAUYOS;YAUYOS;140701;YAUYOS;140708;LIMA;YAUYOS;COCHAS;0;1;1;238;0;238;CON
1433;094;YAUYOS;YAUYOS;140701;YAUYOS;140709;LIMA;YAUYOS;COLONIA;3;4;8;1722;0;1722;CON
1434;094;YAUYOS;YAUYOS;140701;YAUYOS;140710;LIMA;YAUYOS;CHOCOS;1;2;7;1663;0;1663;CON
1435;094;YAUYOS;YAUYOS;140701;YAUYOS;140711;LIMA;YAUYOS;HUAMPARA;0;1;2;401;0;401;CON
1436;094;YAUYOS;YAUYOS;140701;YAUYOS;140712;LIMA;YAUYOS;HUANCAYA;1;2;3;552;0;552;CON
1437;094;YAUYOS;YAUYOS;140701;YAUYOS;140713;LIMA;YAUYOS;HUANGASCAR;0;1;4;1010;0;1010;CON
1438;094;YAUYOS;YAUYOS;140701;YAUYOS;140714;LIMA;YAUYOS;HUANTAN;1;2;4;875;0;875;CON
1439;094;YAUYOS;YAUYOS;140701;YAUYOS;140715;LIMA;YAUYOS;HUAÑEC;0;1;2;558;0;558;CON
1440;094;YAUYOS;YAUYOS;140701;YAUYOS;140716;LIMA;YAUYOS;LARAOS;1;2;3;576;0;576;CON
1441;094;YAUYOS;YAUYOS;140701;YAUYOS;140717;LIMA;YAUYOS;LINCHA;1;2;4;1085;0;1085;CON
1442;094;YAUYOS;YAUYOS;140701;YAUYOS;140718;LIMA;YAUYOS;MIRAFLORES;0;1;2;324;0;324;CON
1443;094;YAUYOS;YAUYOS;140701;YAUYOS;140719;LIMA;YAUYOS;OMAS;0;1;3;760;0;760;CON
1444;094;YAUYOS;YAUYOS;140701;YAUYOS;140720;LIMA;YAUYOS;QUINCHES;0;1;3;827;0;827;CON
1445;094;YAUYOS;YAUYOS;140701;YAUYOS;140721;LIMA;YAUYOS;QUINOCAY;1;2;3;600;0;600;CON
1446;094;YAUYOS;YAUYOS;140701;YAUYOS;140722;LIMA;YAUYOS;SAN JOAQUIN;0;1;1;249;0;249;CON
1447;094;YAUYOS;YAUYOS;140701;YAUYOS;140723;LIMA;YAUYOS;SAN PEDRO DE PILAS;0;1;2;383;0;383;CON
1448;094;YAUYOS;YAUYOS;140701;YAUYOS;140724;LIMA;YAUYOS;TANTA;0;1;3;726;0;726;CON
1449;094;YAUYOS;YAUYOS;140701;YAUYOS;140725;LIMA;YAUYOS;TAURIPAMPA;0;1;3;753;0;753;CON
1450;094;YAUYOS;YAUYOS;140701;YAUYOS;140726;LIMA;YAUYOS;TUPE;1;2;4;864;0;864;CON
1451;094;YAUYOS;YAUYOS;140701;YAUYOS;140727;LIMA;YAUYOS;TOMAS;0;1;3;792;0;792;CON
1452;094;YAUYOS;YAUYOS;140701;YAUYOS;140728;LIMA;YAUYOS;VIÑAC;3;4;8;2144;0;2144;CON
1453;094;YAUYOS;YAUYOS;140701;YAUYOS;140729;LIMA;YAUYOS;VITIS;0;1;2;375;0;375;CON
1454;094;YAUYOS;YAUYOS;140701;YAUYOS;140730;LIMA;YAUYOS;HONGOS;0;1;2;565;0;565;CON
1455;094;YAUYOS;YAUYOS;140701;YAUYOS;140731;LIMA;YAUYOS;MADEAN;1;2;4;1016;0;1016;CON
1456;094;YAUYOS;YAUYOS;140701;YAUYOS;140732;LIMA;YAUYOS;PUTINZA;0;1;3;853;0;853;CON
1457;094;YAUYOS;YAUYOS;140701;YAUYOS;140733;LIMA;YAUYOS;CATAHUASI;1;2;6;1360;0;1360;CON
1458;095;ALTO AMAZONAS;YURIMAGUAS;150201;YURIMAGUAS;150201;LORETO;ALTO AMAZONAS;YURIMAGUAS;7;26;226;66924;0;66924;CON
1459;095;ALTO AMAZONAS;YURIMAGUAS;150201;YURIMAGUAS;150202;LORETO;ALTO AMAZONAS;BALSAPUERTO;5;10;51;14521;0;14521;CON
1460;095;ALTO AMAZONAS;YURIMAGUAS;150201;YURIMAGUAS;150205;LORETO;ALTO AMAZONAS;JEBEROS;1;3;15;4090;0;4090;CON
1461;095;ALTO AMAZONAS;YURIMAGUAS;150201;YURIMAGUAS;150206;LORETO;ALTO AMAZONAS;LAGUNAS;1;5;37;10902;0;10902;CON
1462;095;ALTO AMAZONAS;YURIMAGUAS;150201;YURIMAGUAS;150210;LORETO;ALTO AMAZONAS;SANTA CRUZ;1;3;18;4627;0;4627;CON
1463;095;ALTO AMAZONAS;YURIMAGUAS;150201;YURIMAGUAS;150211;LORETO;ALTO AMAZONAS;TENIENTE CESAR LOPEZ ROJAS;1;3;21;5816;0;5816;CON
1464;095;ALTO AMAZONAS;YURIMAGUAS;150201;YURIMAGUAS;150701;LORETO;DATEM DEL MARAÑON;BARRANCA;3;6;43;12281;0;12281;CON
1465;095;ALTO AMAZONAS;YURIMAGUAS;150201;YURIMAGUAS;150702;LORETO;DATEM DEL MARAÑON;ANDOAS;9;13;38;9975;0;9975;CON
1466;095;ALTO AMAZONAS;YURIMAGUAS;150201;YURIMAGUAS;150703;LORETO;DATEM DEL MARAÑON;CAHUAPANAS;7;9;28;6993;0;6993;CON
1467;095;ALTO AMAZONAS;YURIMAGUAS;150201;YURIMAGUAS;150704;LORETO;DATEM DEL MARAÑON;MANSERICHE;4;7;32;8822;0;8822;CON
1468;095;ALTO AMAZONAS;YURIMAGUAS;150201;YURIMAGUAS;150705;LORETO;DATEM DEL MARAÑON;MORONA;7;10;27;7036;0;7036;CON
1469;095;ALTO AMAZONAS;YURIMAGUAS;150201;YURIMAGUAS;150706;LORETO;DATEM DEL MARAÑON;PASTAZA;11;13;34;8120;0;8120;CON
1470;096;MARISCAL RAMON CASTILLA;CABALLOCOCHA;150601;RAMON CASTILLA;150601;LORETO;MARISCAL RAMON CASTILLA;RAMON CASTILLA;0;6;62;18436;0;18436;CON
1471;096;MARISCAL RAMON CASTILLA;CABALLOCOCHA;150601;RAMON CASTILLA;150602;LORETO;MARISCAL RAMON CASTILLA;PEBAS;2;6;37;10735;0;10735;CON
1472;096;MARISCAL RAMON CASTILLA;CABALLOCOCHA;150601;RAMON CASTILLA;150603;LORETO;MARISCAL RAMON CASTILLA;YAVARI;4;8;42;11698;0;11698;CON
1473;096;MARISCAL RAMON CASTILLA;CABALLOCOCHA;150601;RAMON CASTILLA;150604;LORETO;MARISCAL RAMON CASTILLA;SAN PABLO;3;8;46;12974;0;12974;CON
1474;096;MARISCAL RAMON CASTILLA;CABALLOCOCHA;150601;RAMON CASTILLA;150605;LORETO;MARISCAL RAMON CASTILLA;SANTA ROSA DE LORETO;1;2;9;2494;0;2494;CON
1475;097;MAYNAS;IQUITOS;150101;IQUITOS;150101;LORETO;MAYNAS;IQUITOS;0;34;392;116053;0;116053;CON
1476;097;MAYNAS;IQUITOS;150101;IQUITOS;150102;LORETO;MAYNAS;ALTO NANAY;0;1;14;3980;0;3980;CON
1477;097;MAYNAS;IQUITOS;150101;IQUITOS;150103;LORETO;MAYNAS;FERNANDO LORES;1;3;43;12536;0;12536;CON
1478;097;MAYNAS;IQUITOS;150101;IQUITOS;150104;LORETO;MAYNAS;LAS AMAZONAS;2;5;28;7829;0;7829;CON
1479;097;MAYNAS;IQUITOS;150101;IQUITOS;150105;LORETO;MAYNAS;MAZAN;0;3;38;11275;0;11275;CON
1480;097;MAYNAS;IQUITOS;150101;IQUITOS;150106;LORETO;MAYNAS;NAPO;4;8;41;11573;0;11573;CON
1481;097;MAYNAS;IQUITOS;150101;IQUITOS;150108;LORETO;MAYNAS;TORRES CAUSANA;1;2;17;4802;0;4802;CON
1482;097;MAYNAS;IQUITOS;150101;IQUITOS;150110;LORETO;MAYNAS;INDIANA;1;3;32;9380;0;9380;CON
1483;097;MAYNAS;IQUITOS;150101;IQUITOS;150111;LORETO;MAYNAS;PUNCHANA;0;13;218;65261;0;65261;CON
1484;097;MAYNAS;IQUITOS;150101;IQUITOS;150112;LORETO;MAYNAS;BELEN;0;13;185;55158;0;55158;CON
1485;097;MAYNAS;IQUITOS;150101;IQUITOS;150113;LORETO;MAYNAS;SAN JUAN BAUTISTA;1;23;323;96583;0;96583;CON
1486;097;MAYNAS;IQUITOS;150101;IQUITOS;150301;LORETO;LORETO;NAUTA;3;11;90;26289;0;26289;CON
1487;097;MAYNAS;IQUITOS;150101;IQUITOS;150302;LORETO;LORETO;PARINARI;0;3;19;5401;0;5401;CON
1488;097;MAYNAS;IQUITOS;150101;IQUITOS;150303;LORETO;LORETO;TIGRE;6;7;24;6614;0;6614;CON
1489;097;MAYNAS;IQUITOS;150101;IQUITOS;150304;LORETO;LORETO;URARINAS;8;10;44;11679;0;11679;CON
1490;097;MAYNAS;IQUITOS;150101;IQUITOS;150305;LORETO;LORETO;TROMPETEROS;1;4;26;7516;0;7516;CON
1491;097;MAYNAS;IQUITOS;150101;IQUITOS;150901;LORETO;PUTUMAYO;PUTUMAYO;2;3;14;3627;0;3627;CON
1492;097;MAYNAS;IQUITOS;150101;IQUITOS;150902;LORETO;PUTUMAYO;ROSA PANDURO;0;1;2;508;0;508;CON
1493;097;MAYNAS;IQUITOS;150101;IQUITOS;150903;LORETO;PUTUMAYO;TENIENTE MANUEL CLAVERO;0;1;10;2705;0;2705;CON
1494;097;MAYNAS;IQUITOS;150101;IQUITOS;150904;LORETO;PUTUMAYO;YAGUAS;1;2;4;1042;0;1042;CON
1495;098;REQUENA;REQUENA;150401;REQUENA;150401;LORETO;REQUENA;REQUENA;0;6;66;19755;0;19755;CON
1496;098;REQUENA;REQUENA;150401;REQUENA;150402;LORETO;REQUENA;ALTO TAPICHE;2;3;7;1685;0;1685;CON
1497;098;REQUENA;REQUENA;150401;REQUENA;150403;LORETO;REQUENA;CAPELO;0;1;9;2697;0;2697;CON
1498;098;REQUENA;REQUENA;150401;REQUENA;150404;LORETO;REQUENA;EMILIO SAN MARTIN;2;4;20;5468;0;5468;CON
1499;098;REQUENA;REQUENA;150401;REQUENA;150405;LORETO;REQUENA;MAQUIA;4;5;25;6799;0;6799;CON
1500;098;REQUENA;REQUENA;150401;REQUENA;150406;LORETO;REQUENA;PUINAHUA;0;4;23;6702;0;6702;CON
1501;098;REQUENA;REQUENA;150401;REQUENA;150407;LORETO;REQUENA;SAQUENA;0;1;11;3159;0;3159;CON
1502;098;REQUENA;REQUENA;150401;REQUENA;150408;LORETO;REQUENA;SOPLIN;0;1;3;756;0;756;CON
1503;098;REQUENA;REQUENA;150401;REQUENA;150409;LORETO;REQUENA;TAPICHE;0;2;6;1517;0;1517;CON
1504;098;REQUENA;REQUENA;150401;REQUENA;150410;LORETO;REQUENA;JENARO HERRERA;0;1;14;3932;0;3932;CON
1505;098;REQUENA;REQUENA;150401;REQUENA;150411;LORETO;REQUENA;YAQUERANA;3;4;9;2225;0;2225;CON
1506;099;UCAYALI;CONTAMANA;150501;CONTAMANA;150501;LORETO;UCAYALI;CONTAMANA;4;10;72;20294;0;20294;CON
1507;099;UCAYALI;CONTAMANA;150501;CONTAMANA;150502;LORETO;UCAYALI;VARGAS GUERRA;0;4;25;7442;0;7442;CON
1508;099;UCAYALI;CONTAMANA;150501;CONTAMANA;150503;LORETO;UCAYALI;PADRE MARQUEZ;4;5;20;5269;0;5269;CON
1509;099;UCAYALI;CONTAMANA;150501;CONTAMANA;150504;LORETO;UCAYALI;PAMPA HERMOSA;2;5;21;5452;0;5452;CON
1510;099;UCAYALI;CONTAMANA;150501;CONTAMANA;150505;LORETO;UCAYALI;SARAYACU;7;9;43;11131;0;11131;CON
1511;099;UCAYALI;CONTAMANA;150501;CONTAMANA;150506;LORETO;UCAYALI;INAHUAYA;0;2;10;2732;0;2732;CON
1512;100;TAMBOPATA;TAMBOPATA;160101;TAMBOPATA;160101;MADRE DE DIOS;TAMBOPATA;TAMBOPATA;1;20;283;84772;0;84772;CON
1513;100;TAMBOPATA;TAMBOPATA;160101;TAMBOPATA;160102;MADRE DE DIOS;TAMBOPATA;INAMBARI;1;4;55;16154;0;16154;CON
1514;100;TAMBOPATA;TAMBOPATA;160101;TAMBOPATA;160103;MADRE DE DIOS;TAMBOPATA;LAS PIEDRAS;3;7;41;11749;0;11749;CON
1515;100;TAMBOPATA;TAMBOPATA;160101;TAMBOPATA;160104;MADRE DE DIOS;TAMBOPATA;LABERINTO;0;1;25;7245;0;7245;CON
1516;100;TAMBOPATA;TAMBOPATA;160101;TAMBOPATA;160201;MADRE DE DIOS;MANU;MANU;0;1;11;3191;0;3191;CON
1517;100;TAMBOPATA;TAMBOPATA;160101;TAMBOPATA;160202;MADRE DE DIOS;MANU;FITZCARRALD;2;3;6;1145;0;1145;CON
1518;100;TAMBOPATA;TAMBOPATA;160101;TAMBOPATA;160203;MADRE DE DIOS;MANU;MADRE DE DIOS;3;5;30;8437;0;8437;CON
1519;100;TAMBOPATA;TAMBOPATA;160101;TAMBOPATA;160204;MADRE DE DIOS;MANU;HUEPETUHE;1;3;24;6973;0;6973;CON
1520;100;TAMBOPATA;TAMBOPATA;160101;TAMBOPATA;160301;MADRE DE DIOS;TAHUAMANU;IÑAPARI;0;2;6;1758;0;1758;CON
1521;100;TAMBOPATA;TAMBOPATA;160101;TAMBOPATA;160302;MADRE DE DIOS;TAHUAMANU;IBERIA;1;3;19;5372;0;5372;CON
1522;100;TAMBOPATA;TAMBOPATA;160101;TAMBOPATA;160303;MADRE DE DIOS;TAHUAMANU;TAHUAMANU;0;2;11;3277;0;3277;CON
1523;101;ILO;ILO;170301;ILO;170301;MOQUEGUA;ILO;ILO;0;22;202;60131;0;60131;CON
1524;101;ILO;ILO;170301;ILO;170302;MOQUEGUA;ILO;EL ALGARROBAL;0;2;12;3381;0;3381;CON
1525;101;ILO;ILO;170301;ILO;170303;MOQUEGUA;ILO;PACOCHA;0;1;17;5088;0;5088;CON
1526;102;MARISCAL NIETO;MOQUEGUA;170101;MOQUEGUA;170101;MOQUEGUA;MARISCAL NIETO;MOQUEGUA;0;17;134;39302;0;39302;CON
1527;102;MARISCAL NIETO;MOQUEGUA;170101;MOQUEGUA;170102;MOQUEGUA;MARISCAL NIETO;CARUMAS;3;5;10;2509;0;2509;CON
1528;102;MARISCAL NIETO;MOQUEGUA;170101;MOQUEGUA;170103;MOQUEGUA;MARISCAL NIETO;CUCHUMBAYA;0;1;4;1182;0;1182;CON
1529;102;MARISCAL NIETO;MOQUEGUA;170101;MOQUEGUA;170104;MOQUEGUA;MARISCAL NIETO;SAN CRISTOBAL;2;3;9;2317;0;2317;CON
1530;102;MARISCAL NIETO;MOQUEGUA;170101;MOQUEGUA;170105;MOQUEGUA;MARISCAL NIETO;TORATA;0;5;29;8409;0;8409;CON
1531;102;MARISCAL NIETO;MOQUEGUA;170101;MOQUEGUA;170106;MOQUEGUA;MARISCAL NIETO;SAMEGUA;0;3;26;7681;0;7681;CON
1532;102;MARISCAL NIETO;MOQUEGUA;170101;MOQUEGUA;170107;MOQUEGUA;MARISCAL NIETO;SAN ANTONIO;0;9;69;20488;0;20488;CON
1533;102;MARISCAL NIETO;MOQUEGUA;170101;MOQUEGUA;170201;MOQUEGUA;GENERAL SANCHEZ CERRO;OMATE;0;1;9;2512;0;2512;CON
1534;102;MARISCAL NIETO;MOQUEGUA;170101;MOQUEGUA;170202;MOQUEGUA;GENERAL SANCHEZ CERRO;COALAQUE;0;1;4;1063;0;1063;CON
1535;102;MARISCAL NIETO;MOQUEGUA;170101;MOQUEGUA;170203;MOQUEGUA;GENERAL SANCHEZ CERRO;CHOJATA;1;2;4;967;0;967;CON
1536;102;MARISCAL NIETO;MOQUEGUA;170101;MOQUEGUA;170204;MOQUEGUA;GENERAL SANCHEZ CERRO;ICHUÑA;0;2;10;2876;0;2876;CON
1537;102;MARISCAL NIETO;MOQUEGUA;170101;MOQUEGUA;170205;MOQUEGUA;GENERAL SANCHEZ CERRO;LA CAPILLA;0;1;3;859;0;859;CON
1538;102;MARISCAL NIETO;MOQUEGUA;170101;MOQUEGUA;170206;MOQUEGUA;GENERAL SANCHEZ CERRO;LLOQUE;1;2;3;721;0;721;CON
1539;102;MARISCAL NIETO;MOQUEGUA;170101;MOQUEGUA;170207;MOQUEGUA;GENERAL SANCHEZ CERRO;MATALAQUE;0;1;3;733;0;733;CON
1540;102;MARISCAL NIETO;MOQUEGUA;170101;MOQUEGUA;170208;MOQUEGUA;GENERAL SANCHEZ CERRO;PUQUINA;0;1;8;2269;0;2269;CON
1541;102;MARISCAL NIETO;MOQUEGUA;170101;MOQUEGUA;170209;MOQUEGUA;GENERAL SANCHEZ CERRO;QUINISTAQUILLAS;0;1;2;598;0;598;CON
1542;102;MARISCAL NIETO;MOQUEGUA;170101;MOQUEGUA;170210;MOQUEGUA;GENERAL SANCHEZ CERRO;UBINAS;6;8;11;2260;0;2260;CON
1543;102;MARISCAL NIETO;MOQUEGUA;170101;MOQUEGUA;170211;MOQUEGUA;GENERAL SANCHEZ CERRO;YUNGA;0;1;3;824;0;824;CON
1544;103;OXAPAMPA;OXAPAMPA;180301;OXAPAMPA;180301;PASCO;OXAPAMPA;OXAPAMPA;0;3;56;16675;0;16675;CON
1545;103;OXAPAMPA;OXAPAMPA;180301;OXAPAMPA;180302;PASCO;OXAPAMPA;CHONTABAMBA;0;3;18;5122;0;5122;CON
1546;103;OXAPAMPA;OXAPAMPA;180301;OXAPAMPA;180303;PASCO;OXAPAMPA;HUANCABAMBA;1;4;23;6374;0;6374;CON
1547;103;OXAPAMPA;OXAPAMPA;180301;OXAPAMPA;180304;PASCO;OXAPAMPA;PUERTO BERMUDEZ;5;9;63;17974;0;17974;CON
1548;103;OXAPAMPA;OXAPAMPA;180301;OXAPAMPA;180305;PASCO;OXAPAMPA;VILLA RICA;1;5;53;15371;0;15371;CON
1549;103;OXAPAMPA;OXAPAMPA;180301;OXAPAMPA;180306;PASCO;OXAPAMPA;POZUZO;0;4;19;5146;0;5146;CON
1550;103;OXAPAMPA;OXAPAMPA;180301;OXAPAMPA;180307;PASCO;OXAPAMPA;PALCAZU;4;7;29;7862;0;7862;CON
1551;103;OXAPAMPA;OXAPAMPA;180301;OXAPAMPA;180308;PASCO;OXAPAMPA;CONSTITUCION;3;9;47;13619;0;13619;CON
1552;104;PASCO;YANACANCHA;180114;YANACANCHA;180101;PASCO;PASCO;CHAUPIMARCA;0;6;78;23023;0;23023;CON
1553;104;PASCO;YANACANCHA;180114;YANACANCHA;180103;PASCO;PASCO;HUACHON;1;3;14;3484;0;3484;CON
1554;104;PASCO;YANACANCHA;180114;YANACANCHA;180104;PASCO;PASCO;HUARIACA;0;3;22;5971;0;5971;CON
1555;104;PASCO;YANACANCHA;180114;YANACANCHA;180105;PASCO;PASCO;HUAYLLAY;0;2;22;6534;0;6534;CON
1556;104;PASCO;YANACANCHA;180114;YANACANCHA;180106;PASCO;PASCO;NINACACA;0;2;15;4080;0;4080;CON
1557;104;PASCO;YANACANCHA;180114;YANACANCHA;180107;PASCO;PASCO;PALLANCHACRA;0;2;8;2178;0;2178;CON
1558;104;PASCO;YANACANCHA;180114;YANACANCHA;180108;PASCO;PASCO;PAUCARTAMBO;1;5;39;11045;0;11045;CON
1559;104;PASCO;YANACANCHA;180114;YANACANCHA;180109;PASCO;PASCO;SAN FRANCISCO DE ASIS DE YARUSYACAN;3;5;22;6002;0;6002;CON
1560;104;PASCO;YANACANCHA;180114;YANACANCHA;180110;PASCO;PASCO;SIMON BOLIVAR;1;6;37;11005;0;11005;CON
1561;104;PASCO;YANACANCHA;180114;YANACANCHA;180111;PASCO;PASCO;TICLACAYAN;1;3;16;4405;0;4405;CON
1562;104;PASCO;YANACANCHA;180114;YANACANCHA;180112;PASCO;PASCO;TINYAHUARCO;0;2;19;5515;0;5515;CON
1563;104;PASCO;YANACANCHA;180114;YANACANCHA;180113;PASCO;PASCO;VICCO;0;2;12;3520;0;3520;CON
1564;104;PASCO;YANACANCHA;180114;YANACANCHA;180114;PASCO;PASCO;YANACANCHA;1;10;71;20178;0;20178;CON
1565;104;PASCO;YANACANCHA;180114;YANACANCHA;180201;PASCO;DANIEL ALCIDES CARRION;YANAHUANCA;2;7;41;11360;0;11360;CON
1566;104;PASCO;YANACANCHA;180114;YANACANCHA;180202;PASCO;DANIEL ALCIDES CARRION;CHACAYAN;1;3;9;2304;0;2304;CON
1567;104;PASCO;YANACANCHA;180114;YANACANCHA;180203;PASCO;DANIEL ALCIDES CARRION;GOYLLARISQUIZGA;0;1;3;729;0;729;CON
1568;104;PASCO;YANACANCHA;180114;YANACANCHA;180204;PASCO;DANIEL ALCIDES CARRION;PAUCAR;2;4;10;2558;0;2558;CON
1569;104;PASCO;YANACANCHA;180114;YANACANCHA;180205;PASCO;DANIEL ALCIDES CARRION;SAN PEDRO DE PILLAO;0;1;6;1651;0;1651;CON
1570;104;PASCO;YANACANCHA;180114;YANACANCHA;180206;PASCO;DANIEL ALCIDES CARRION;SANTA ANA DE TUSI;4;6;23;6014;0;6014;CON
1571;104;PASCO;YANACANCHA;180114;YANACANCHA;180207;PASCO;DANIEL ALCIDES CARRION;TAPUC;1;2;8;2261;0;2261;CON
1572;104;PASCO;YANACANCHA;180114;YANACANCHA;180208;PASCO;DANIEL ALCIDES CARRION;VILCABAMBA;0;1;6;1717;0;1717;CON
1573;105;CASTILLA;CASTILLA;190103;CASTILLA;190103;PIURA;PIURA;CASTILLA;0;26;425;127305;0;127305;CON
1574;105;CASTILLA;CASTILLA;190103;CASTILLA;190104;PIURA;PIURA;CATACAOS;3;22;205;60652;0;60652;CON
1575;105;CASTILLA;CASTILLA;190103;CASTILLA;190105;PIURA;PIURA;LA ARENA;1;9;107;31633;0;31633;CON
1576;105;CASTILLA;CASTILLA;190103;CASTILLA;190106;PIURA;PIURA;LA UNION;2;10;108;32109;0;32109;CON
1577;105;CASTILLA;CASTILLA;190103;CASTILLA;190107;PIURA;PIURA;LAS LOMAS;0;7;86;25629;0;25629;CON
1578;105;CASTILLA;CASTILLA;190103;CASTILLA;190109;PIURA;PIURA;TAMBO GRANDE;6;34;295;86995;0;86995;CON
1579;105;CASTILLA;CASTILLA;190103;CASTILLA;190113;PIURA;PIURA;CURA MORI;1;5;51;14974;0;14974;CON
1580;105;CASTILLA;CASTILLA;190103;CASTILLA;190114;PIURA;PIURA;EL TALLAN;0;2;16;4611;0;4611;CON
1581;106;MORROPON;CHULUCANAS;190401;CHULUCANAS;190301;PIURA;HUANCABAMBA;HUANCABAMBA;3;13;85;23890;0;23890;CON
1582;106;MORROPON;CHULUCANAS;190401;CHULUCANAS;190302;PIURA;HUANCABAMBA;CANCHAQUE;2;4;27;7327;0;7327;CON
1583;106;MORROPON;CHULUCANAS;190401;CHULUCANAS;190303;PIURA;HUANCABAMBA;HUARMACA;16;21;112;31100;0;31100;CON
1584;106;MORROPON;CHULUCANAS;190401;CHULUCANAS;190304;PIURA;HUANCABAMBA;SONDOR;4;6;23;6226;0;6226;CON
1585;106;MORROPON;CHULUCANAS;190401;CHULUCANAS;190305;PIURA;HUANCABAMBA;SONDORILLO;2;4;31;8740;0;8740;CON
1586;106;MORROPON;CHULUCANAS;190401;CHULUCANAS;190306;PIURA;HUANCABAMBA;EL CARMEN DE LA FRONTERA;3;7;38;10691;0;10691;CON
1587;106;MORROPON;CHULUCANAS;190401;CHULUCANAS;190307;PIURA;HUANCABAMBA;SAN MIGUEL DE EL FAIQUE;0;4;28;8096;0;8096;CON
1588;106;MORROPON;CHULUCANAS;190401;CHULUCANAS;190308;PIURA;HUANCABAMBA;LALAQUIZ;1;2;15;4242;0;4242;CON
1589;106;MORROPON;CHULUCANAS;190401;CHULUCANAS;190401;PIURA;MORROPON;CHULUCANAS;3;26;246;73111;1;73112;CON
1590;106;MORROPON;CHULUCANAS;190401;CHULUCANAS;190402;PIURA;MORROPON;BUENOS AIRES;0;2;29;8419;0;8419;CON
1591;106;MORROPON;CHULUCANAS;190401;CHULUCANAS;190403;PIURA;MORROPON;CHALACO;1;3;23;6644;0;6644;CON
1592;106;MORROPON;CHULUCANAS;190401;CHULUCANAS;190404;PIURA;MORROPON;MORROPON;0;3;39;11475;0;11475;CON
1593;106;MORROPON;CHULUCANAS;190401;CHULUCANAS;190405;PIURA;MORROPON;SALITRAL;1;3;27;7865;0;7865;CON
1594;106;MORROPON;CHULUCANAS;190401;CHULUCANAS;190406;PIURA;MORROPON;SANTA CATALINA DE MOSSA;2;4;13;3458;0;3458;CON
1595;106;MORROPON;CHULUCANAS;190401;CHULUCANAS;190407;PIURA;MORROPON;SANTO DOMINGO;2;4;23;6364;0;6364;CON
1596;106;MORROPON;CHULUCANAS;190401;CHULUCANAS;190408;PIURA;MORROPON;LA MATANZA;1;4;44;12773;0;12773;CON
1597;106;MORROPON;CHULUCANAS;190401;CHULUCANAS;190409;PIURA;MORROPON;YAMANGO;2;4;29;8146;0;8146;CON
1598;106;MORROPON;CHULUCANAS;190401;CHULUCANAS;190410;PIURA;MORROPON;SAN JUAN DE BIGOTE;0;1;23;6710;0;6710;CON
1599;107;PAITA;PAITA;190501;PAITA;190501;PIURA;PAITA;PAITA;2;14;229;68205;0;68205;CON
1600;107;PAITA;PAITA;190501;PAITA;190502;PIURA;PAITA;AMOTAPE;0;1;7;1993;0;1993;CON
1601;107;PAITA;PAITA;190501;PAITA;190503;PIURA;PAITA;ARENAL;0;1;4;1102;0;1102;CON
1602;107;PAITA;PAITA;190501;PAITA;190504;PIURA;PAITA;LA HUACA;1;3;35;10163;0;10163;CON
1603;107;PAITA;PAITA;190501;PAITA;190505;PIURA;PAITA;COLAN;1;4;44;12710;0;12710;CON
1604;107;PAITA;PAITA;190501;PAITA;190506;PIURA;PAITA;TAMARINDO;0;2;14;4025;0;4025;CON
1605;107;PAITA;PAITA;190501;PAITA;190507;PIURA;PAITA;VICHAYAL;0;2;16;4656;0;4656;CON
1606;107;PAITA;PAITA;190501;PAITA;190801;PIURA;SECHURA;SECHURA;0;6;114;33904;0;33904;CON
1607;107;PAITA;PAITA;190501;PAITA;190802;PIURA;SECHURA;VICE;2;3;46;13498;0;13498;CON
1608;107;PAITA;PAITA;190501;PAITA;190803;PIURA;SECHURA;BERNAL;0;3;20;5972;0;5972;CON
1609;107;PAITA;PAITA;190501;PAITA;190804;PIURA;SECHURA;BELLAVISTA DE LA UNION;1;2;14;3970;0;3970;CON
1610;107;PAITA;PAITA;190501;PAITA;190805;PIURA;SECHURA;CRISTO NOS VALGA;0;1;12;3579;0;3579;CON
1611;107;PAITA;PAITA;190501;PAITA;190806;PIURA;SECHURA;RINCONADA LLICUAR;0;1;10;2745;0;2745;CON
1612;108;PIURA;PIURA;190101;PIURA;190101;PIURA;PIURA;PIURA;0;34;496;148578;2;148580;CON
1613;108;PIURA;PIURA;190101;PIURA;190115;PIURA;PIURA;VEINTISEIS DE OCTUBRE;0;33;388;116229;0;116229;CON
1614;109;SULLANA;SULLANA;190601;SULLANA;190201;PIURA;AYABACA;AYABACA;8;20;102;28023;0;28023;CON
1615;109;SULLANA;SULLANA;190601;SULLANA;190202;PIURA;AYABACA;FRIAS;3;11;64;18318;0;18318;CON
1616;109;SULLANA;SULLANA;190601;SULLANA;190203;PIURA;AYABACA;LAGUNAS;0;2;19;5547;0;5547;CON
1617;109;SULLANA;SULLANA;190601;SULLANA;190204;PIURA;AYABACA;MONTERO;0;2;19;5455;0;5455;CON
1618;109;SULLANA;SULLANA;190601;SULLANA;190205;PIURA;AYABACA;PACAIPAMPA;10;13;71;18951;0;18951;CON
1619;109;SULLANA;SULLANA;190601;SULLANA;190206;PIURA;AYABACA;SAPILLICA;1;5;32;9277;0;9277;CON
1620;109;SULLANA;SULLANA;190601;SULLANA;190207;PIURA;AYABACA;SICCHEZ;0;2;8;2084;0;2084;CON
1621;109;SULLANA;SULLANA;190601;SULLANA;190208;PIURA;AYABACA;SUYO;0;3;37;10770;0;10770;CON
1622;109;SULLANA;SULLANA;190601;SULLANA;190209;PIURA;AYABACA;JILILI;0;2;11;3020;0;3020;CON
1623;109;SULLANA;SULLANA;190601;SULLANA;190210;PIURA;AYABACA;PAIMAS;0;1;29;8607;0;8607;CON
1624;109;SULLANA;SULLANA;190601;SULLANA;190601;PIURA;SULLANA;SULLANA;1;38;483;144348;0;144348;CON
1625;109;SULLANA;SULLANA;190601;SULLANA;190602;PIURA;SULLANA;BELLAVISTA;0;12;113;33627;0;33627;CON
1626;109;SULLANA;SULLANA;190601;SULLANA;190603;PIURA;SULLANA;LANCONES;0;6;39;11474;0;11474;CON
1627;109;SULLANA;SULLANA;190601;SULLANA;190604;PIURA;SULLANA;MARCAVELICA;0;7;80;23585;0;23585;CON
1628;109;SULLANA;SULLANA;190601;SULLANA;190605;PIURA;SULLANA;MIGUEL CHECA;1;3;25;7394;0;7394;CON
1629;109;SULLANA;SULLANA;190601;SULLANA;190606;PIURA;SULLANA;QUERECOTILLO;0;10;73;21381;0;21381;CON
1630;109;SULLANA;SULLANA;190601;SULLANA;190607;PIURA;SULLANA;SALITRAL;0;2;20;5814;0;5814;CON
1631;109;SULLANA;SULLANA;190601;SULLANA;190608;PIURA;SULLANA;IGNACIO ESCUDERO;1;6;56;16355;0;16355;CON
1632;109;SULLANA;SULLANA;190601;SULLANA;190701;PIURA;TALARA;PARIÑAS;0;20;258;77248;0;77248;CON
1633;109;SULLANA;SULLANA;190601;SULLANA;190702;PIURA;TALARA;EL ALTO;0;2;25;7035;0;7035;CON
1634;109;SULLANA;SULLANA;190601;SULLANA;190703;PIURA;TALARA;LA BREA;0;5;37;10695;0;10695;CON
1635;109;SULLANA;SULLANA;190601;SULLANA;190704;PIURA;TALARA;LOBITOS;0;1;5;1347;0;1347;CON
1636;109;SULLANA;SULLANA;190601;SULLANA;190705;PIURA;TALARA;MANCORA;0;3;31;9038;0;9038;CON
1637;109;SULLANA;SULLANA;190601;SULLANA;190706;PIURA;TALARA;LOS ORGANOS;0;3;28;8248;0;8248;CON
1638;110;AZANGARO;AZANGARO;200201;AZANGARO;200201;PUNO;AZANGARO;AZANGARO;1;6;85;25399;0;25399;CON
1639;110;AZANGARO;AZANGARO;200201;AZANGARO;200202;PUNO;AZANGARO;ACHAYA;0;2;13;3878;0;3878;CON
1640;110;AZANGARO;AZANGARO;200201;AZANGARO;200203;PUNO;AZANGARO;ARAPA;1;3;25;6984;0;6984;CON
1641;110;AZANGARO;AZANGARO;200201;AZANGARO;200204;PUNO;AZANGARO;ASILLO;1;4;44;12786;0;12786;CON
1642;110;AZANGARO;AZANGARO;200201;AZANGARO;200205;PUNO;AZANGARO;CAMINACA;1;2;17;4636;0;4636;CON
1643;110;AZANGARO;AZANGARO;200201;AZANGARO;200206;PUNO;AZANGARO;CHUPA;2;4;24;6577;0;6577;CON
1644;110;AZANGARO;AZANGARO;200201;AZANGARO;200207;PUNO;AZANGARO;JOSE DOMINGO CHOQUEHUANCA;0;2;13;3609;0;3609;CON
1645;110;AZANGARO;AZANGARO;200201;AZANGARO;200208;PUNO;AZANGARO;MUÑANI;2;4;19;5324;0;5324;CON
1646;110;AZANGARO;AZANGARO;200201;AZANGARO;200210;PUNO;AZANGARO;POTONI;1;3;12;3313;0;3313;CON
1647;110;AZANGARO;AZANGARO;200201;AZANGARO;200212;PUNO;AZANGARO;SAMAN;1;3;36;10365;0;10365;CON
1648;110;AZANGARO;AZANGARO;200201;AZANGARO;200213;PUNO;AZANGARO;SAN ANTON;3;4;22;5929;0;5929;CON
1649;110;AZANGARO;AZANGARO;200201;AZANGARO;200214;PUNO;AZANGARO;SAN JOSE;1;3;16;4243;0;4243;CON
1650;110;AZANGARO;AZANGARO;200201;AZANGARO;200215;PUNO;AZANGARO;SAN JUAN DE SALINAS;0;2;12;3249;0;3249;CON
1651;110;AZANGARO;AZANGARO;200201;AZANGARO;200216;PUNO;AZANGARO;SANTIAGO DE PUPUJA;2;4;16;4520;0;4520;CON
1652;110;AZANGARO;AZANGARO;200201;AZANGARO;200217;PUNO;AZANGARO;TIRAPATA;0;2;9;2504;0;2504;CON
1653;110;AZANGARO;AZANGARO;200201;AZANGARO;200301;PUNO;CARABAYA;MACUSANI;1;3;36;10370;0;10370;CON
1654;110;AZANGARO;AZANGARO;200201;AZANGARO;200302;PUNO;CARABAYA;AJOYANI;0;2;9;2423;0;2423;CON
1655;110;AZANGARO;AZANGARO;200201;AZANGARO;200303;PUNO;CARABAYA;AYAPATA;1;3;18;4999;0;4999;CON
1656;110;AZANGARO;AZANGARO;200201;AZANGARO;200304;PUNO;CARABAYA;COASA;2;4;20;5556;0;5556;CON
1657;110;AZANGARO;AZANGARO;200201;AZANGARO;200305;PUNO;CARABAYA;CORANI;2;4;15;3634;0;3634;CON
1658;110;AZANGARO;AZANGARO;200201;AZANGARO;200306;PUNO;CARABAYA;CRUCERO;0;2;21;6242;0;6242;CON
1659;110;AZANGARO;AZANGARO;200201;AZANGARO;200307;PUNO;CARABAYA;ITUATA;3;6;19;4733;0;4733;CON
1660;110;AZANGARO;AZANGARO;200201;AZANGARO;200308;PUNO;CARABAYA;OLLACHEA;3;4;18;4753;0;4753;CON
1661;110;AZANGARO;AZANGARO;200201;AZANGARO;200309;PUNO;CARABAYA;SAN GABAN;1;3;23;6599;0;6599;CON
1662;110;AZANGARO;AZANGARO;200201;AZANGARO;200310;PUNO;CARABAYA;USICAYOS;1;3;10;2733;0;2733;CON
1663;111;CHUCUITO;JULI;200401;JULI;200401;PUNO;CHUCUITO;JULI;3;8;61;17571;0;17571;CON
1664;111;CHUCUITO;JULI;200401;JULI;200402;PUNO;CHUCUITO;DESAGUADERO;2;5;32;8972;0;8972;CON
1665;111;CHUCUITO;JULI;200401;JULI;200403;PUNO;CHUCUITO;HUACULLANI;5;7;17;3997;0;3997;CON
1666;111;CHUCUITO;JULI;200401;JULI;200406;PUNO;CHUCUITO;PISACOMA;1;2;9;2363;0;2363;CON
1667;111;CHUCUITO;JULI;200401;JULI;200407;PUNO;CHUCUITO;POMATA;3;7;42;11869;0;11869;CON
1668;111;CHUCUITO;JULI;200401;JULI;200410;PUNO;CHUCUITO;ZEPITA;8;12;51;13533;0;13533;CON
1669;111;CHUCUITO;JULI;200401;JULI;200412;PUNO;CHUCUITO;KELLUYO;2;4;18;4565;0;4565;CON
1670;111;CHUCUITO;JULI;200401;JULI;201001;PUNO;YUNGUYO;YUNGUYO;2;6;74;21489;0;21489;CON
1671;111;CHUCUITO;JULI;200401;JULI;201002;PUNO;YUNGUYO;UNICACHI;0;1;4;1018;0;1018;CON
1672;111;CHUCUITO;JULI;200401;JULI;201003;PUNO;YUNGUYO;ANAPIA;0;1;4;1047;0;1047;CON
1673;111;CHUCUITO;JULI;200401;JULI;201004;PUNO;YUNGUYO;COPANI;0;2;15;4370;0;4370;CON
1674;111;CHUCUITO;JULI;200401;JULI;201005;PUNO;YUNGUYO;CUTURAPI;0;1;4;1065;0;1065;CON
1675;111;CHUCUITO;JULI;200401;JULI;201006;PUNO;YUNGUYO;OLLARAYA;0;2;8;2305;0;2305;CON
1676;111;CHUCUITO;JULI;200401;JULI;201007;PUNO;YUNGUYO;TINICACHI;0;1;3;642;0;642;CON
1677;112;HUANCANE;HUANCANE;200501;HUANCANE;200501;PUNO;HUANCANE;HUANCANE;2;7;61;17989;0;17989;CON
1678;112;HUANCANE;HUANCANE;200501;HUANCANE;200502;PUNO;HUANCANE;COJATA;0;2;13;3840;0;3840;CON
1679;112;HUANCANE;HUANCANE;200501;HUANCANE;200504;PUNO;HUANCANE;INCHUPALLA;1;2;11;2863;0;2863;CON
1680;112;HUANCANE;HUANCANE;200501;HUANCANE;200506;PUNO;HUANCANE;PUSI;1;3;18;4856;0;4856;CON
1681;112;HUANCANE;HUANCANE;200501;HUANCANE;200507;PUNO;HUANCANE;ROSASPATA;0;1;16;4714;0;4714;CON
1682;112;HUANCANE;HUANCANE;200501;HUANCANE;200508;PUNO;HUANCANE;TARACO;2;4;40;11519;0;11519;CON
1683;112;HUANCANE;HUANCANE;200501;HUANCANE;200509;PUNO;HUANCANE;VILQUE CHICO;5;7;34;9091;0;9091;CON
1684;112;HUANCANE;HUANCANE;200501;HUANCANE;200511;PUNO;HUANCANE;HUATASANI;0;1;9;2577;0;2577;CON
1685;112;HUANCANE;HUANCANE;200501;HUANCANE;201301;PUNO;MOHO;MOHO;9;14;50;13426;0;13426;CON
1686;112;HUANCANE;HUANCANE;200501;HUANCANE;201302;PUNO;MOHO;CONIMA;1;3;14;3628;0;3628;CON
1687;112;HUANCANE;HUANCANE;200501;HUANCANE;201303;PUNO;MOHO;TILALI;1;3;11;2867;0;2867;CON
1688;112;HUANCANE;HUANCANE;200501;HUANCANE;201304;PUNO;MOHO;HUAYRAPATA;1;3;12;3415;0;3415;CON
1689;113;PUNO;PUNO;200101;PUNO;200101;PUNO;PUNO;PUNO;1;23;348;103631;0;103631;CON
1690;113;PUNO;PUNO;200101;PUNO;200102;PUNO;PUNO;ACORA;6;13;65;18618;0;18618;CON
1691;113;PUNO;PUNO;200101;PUNO;200103;PUNO;PUNO;ATUNCOLLA;1;3;15;4458;0;4458;CON
1692;113;PUNO;PUNO;200101;PUNO;200104;PUNO;PUNO;CAPACHICA;1;5;31;8852;0;8852;CON
1693;113;PUNO;PUNO;200101;PUNO;200105;PUNO;PUNO;COATA;4;6;26;6617;0;6617;CON
1694;113;PUNO;PUNO;200101;PUNO;200106;PUNO;PUNO;CHUCUITO;5;8;26;6626;0;6626;CON
1695;113;PUNO;PUNO;200101;PUNO;200107;PUNO;PUNO;HUATA;0;1;11;3181;0;3181;CON
1696;113;PUNO;PUNO;200101;PUNO;200108;PUNO;PUNO;MAÑAZO;0;2;16;4640;0;4640;CON
1697;113;PUNO;PUNO;200101;PUNO;200109;PUNO;PUNO;PAUCARCOLLA;2;4;18;4643;0;4643;CON
1698;113;PUNO;PUNO;200101;PUNO;200110;PUNO;PUNO;PICHACANI;3;5;20;5155;0;5155;CON
1699;113;PUNO;PUNO;200101;PUNO;200111;PUNO;PUNO;SAN ANTONIO;0;1;4;1132;0;1132;CON
1700;113;PUNO;PUNO;200101;PUNO;200112;PUNO;PUNO;TIQUILLACA;0;2;9;2645;0;2645;CON
1701;113;PUNO;PUNO;200101;PUNO;200113;PUNO;PUNO;VILQUE;0;2;10;2793;0;2793;CON
1702;113;PUNO;PUNO;200101;PUNO;200114;PUNO;PUNO;PLATERIA;2;6;24;6426;0;6426;CON
1703;113;PUNO;PUNO;200101;PUNO;200115;PUNO;PUNO;AMANTANI;1;3;16;4164;0;4164;CON
1704;113;PUNO;PUNO;200101;PUNO;201201;PUNO;EL COLLAO;ILAVE;8;15;135;38584;0;38584;CON
1705;113;PUNO;PUNO;200101;PUNO;201202;PUNO;EL COLLAO;PILCUYO;1;6;31;9014;0;9014;CON
1706;113;PUNO;PUNO;200101;PUNO;201203;PUNO;EL COLLAO;SANTA ROSA;0;1;10;2867;0;2867;CON
1707;113;PUNO;PUNO;200101;PUNO;201204;PUNO;EL COLLAO;CAPASO;1;2;3;766;0;766;CON
1708;113;PUNO;PUNO;200101;PUNO;201205;PUNO;EL COLLAO;CONDURIRI;1;3;10;2687;0;2687;CON
1709;114;SAN ANTONIO DE PUTINA;PUTINA;201101;PUTINA;200801;PUNO;SANDIA;SANDIA;0;4;32;8948;0;8948;CON
1710;114;SAN ANTONIO DE PUTINA;PUTINA;201101;PUTINA;200803;PUNO;SANDIA;CUYOCUYO;1;3;18;4909;0;4909;CON
1711;114;SAN ANTONIO DE PUTINA;PUTINA;201101;PUTINA;200804;PUNO;SANDIA;LIMBANI;0;2;13;3775;0;3775;CON
1712;114;SAN ANTONIO DE PUTINA;PUTINA;201101;PUTINA;200805;PUNO;SANDIA;PHARA;0;2;19;5479;0;5479;CON
1713;114;SAN ANTONIO DE PUTINA;PUTINA;201101;PUTINA;200806;PUNO;SANDIA;PATAMBUCO;1;3;14;4011;0;4011;CON
1714;114;SAN ANTONIO DE PUTINA;PUTINA;201101;PUTINA;200807;PUNO;SANDIA;QUIACA;1;2;8;2214;0;2214;CON
1715;114;SAN ANTONIO DE PUTINA;PUTINA;201101;PUTINA;200808;PUNO;SANDIA;SAN JUAN DEL ORO;1;2;13;3518;1;3519;CON
1716;114;SAN ANTONIO DE PUTINA;PUTINA;201101;PUTINA;200810;PUNO;SANDIA;YANAHUAYA;0;2;8;2095;0;2095;CON
1717;114;SAN ANTONIO DE PUTINA;PUTINA;201101;PUTINA;200811;PUNO;SANDIA;ALTO INAMBARI;4;7;22;5914;0;5914;CON
1718;114;SAN ANTONIO DE PUTINA;PUTINA;201101;PUTINA;200812;PUNO;SANDIA;SAN PEDRO DE PUTINA PUNCO;2;4;23;6789;0;6789;CON
1719;114;SAN ANTONIO DE PUTINA;PUTINA;201101;PUTINA;201101;PUNO;SAN ANTONIO DE PUTINA;PUTINA;3;6;43;12400;0;12400;CON
1720;114;SAN ANTONIO DE PUTINA;PUTINA;201101;PUTINA;201102;PUNO;SAN ANTONIO DE PUTINA;PEDRO VILCA APAZA;0;1;7;1907;0;1907;CON
1721;114;SAN ANTONIO DE PUTINA;PUTINA;201101;PUTINA;201103;PUNO;SAN ANTONIO DE PUTINA;QUILCAPUNCU;1;3;16;4308;0;4308;CON
1722;114;SAN ANTONIO DE PUTINA;PUTINA;201101;PUTINA;201104;PUNO;SAN ANTONIO DE PUTINA;ANANEA;1;3;16;4690;0;4690;CON
1723;114;SAN ANTONIO DE PUTINA;PUTINA;201101;PUTINA;201105;PUNO;SAN ANTONIO DE PUTINA;SINA;0;1;5;1456;0;1456;CON
1724;115;SAN ROMAN;JULIACA;200901;JULIACA;200601;PUNO;LAMPA;LAMPA;0;3;35;10203;0;10203;CON
1725;115;SAN ROMAN;JULIACA;200901;JULIACA;200602;PUNO;LAMPA;CABANILLA;0;2;18;5175;0;5175;CON
1726;115;SAN ROMAN;JULIACA;200901;JULIACA;200603;PUNO;LAMPA;CALAPUJA;0;2;8;2393;0;2393;CON
1727;115;SAN ROMAN;JULIACA;200901;JULIACA;200604;PUNO;LAMPA;NICASIO;0;2;9;2644;0;2644;CON
1728;115;SAN ROMAN;JULIACA;200901;JULIACA;200605;PUNO;LAMPA;OCUVIRI;1;2;7;1893;0;1893;CON
1729;115;SAN ROMAN;JULIACA;200901;JULIACA;200606;PUNO;LAMPA;PALCA;0;1;7;2090;0;2090;CON
1730;115;SAN ROMAN;JULIACA;200901;JULIACA;200607;PUNO;LAMPA;PARATIA;0;2;8;2158;0;2158;CON
1731;115;SAN ROMAN;JULIACA;200901;JULIACA;200608;PUNO;LAMPA;PUCARA;0;2;18;5203;0;5203;CON
1732;115;SAN ROMAN;JULIACA;200901;JULIACA;200609;PUNO;LAMPA;SANTA LUCIA;0;2;21;6017;0;6017;CON
1733;115;SAN ROMAN;JULIACA;200901;JULIACA;200610;PUNO;LAMPA;VILAVILA;0;1;3;872;0;872;CON
1734;115;SAN ROMAN;JULIACA;200901;JULIACA;200701;PUNO;MELGAR;AYAVIRI;0;4;64;19079;0;19079;CON
1735;115;SAN ROMAN;JULIACA;200901;JULIACA;200702;PUNO;MELGAR;ANTAUTA;1;4;22;5976;0;5976;CON
1736;115;SAN ROMAN;JULIACA;200901;JULIACA;200703;PUNO;MELGAR;CUPI;0;1;7;1825;0;1825;CON
1737;115;SAN ROMAN;JULIACA;200901;JULIACA;200704;PUNO;MELGAR;LLALLI;0;1;9;2413;0;2413;CON
1738;115;SAN ROMAN;JULIACA;200901;JULIACA;200705;PUNO;MELGAR;MACARI;2;3;21;5877;0;5877;CON
1739;115;SAN ROMAN;JULIACA;200901;JULIACA;200706;PUNO;MELGAR;NUÑOA;0;2;25;7295;0;7295;CON
1740;115;SAN ROMAN;JULIACA;200901;JULIACA;200707;PUNO;MELGAR;ORURILLO;0;3;23;6604;0;6604;CON
1741;115;SAN ROMAN;JULIACA;200901;JULIACA;200708;PUNO;MELGAR;SANTA ROSA;1;4;18;4909;0;4909;CON
1742;115;SAN ROMAN;JULIACA;200901;JULIACA;200709;PUNO;MELGAR;UMACHIRI;0;1;11;3222;0;3222;CON
1743;115;SAN ROMAN;JULIACA;200901;JULIACA;200901;PUNO;SAN ROMAN;JULIACA;0;48;596;178285;0;178285;CON
1744;115;SAN ROMAN;JULIACA;200901;JULIACA;200902;PUNO;SAN ROMAN;CABANA;2;4;17;4360;0;4360;CON
1745;115;SAN ROMAN;JULIACA;200901;JULIACA;200903;PUNO;SAN ROMAN;CABANILLAS;1;2;14;4067;0;4067;CON
1746;115;SAN ROMAN;JULIACA;200901;JULIACA;200904;PUNO;SAN ROMAN;CARACOTO;2;6;39;11357;0;11357;CON
1747;115;SAN ROMAN;JULIACA;200901;JULIACA;200905;PUNO;SAN ROMAN;SAN MIGUEL;0;12;112;33317;0;33317;CON
1748;116;MARISCAL CACERES;JUANJUI;210401;JUANJUI;210201;SAN MARTIN;HUALLAGA;SAPOSOA;2;6;44;12463;0;12463;CON
1749;116;MARISCAL CACERES;JUANJUI;210401;JUANJUI;210202;SAN MARTIN;HUALLAGA;PISCOYACU;0;2;13;3634;0;3634;CON
1750;116;MARISCAL CACERES;JUANJUI;210401;JUANJUI;210203;SAN MARTIN;HUALLAGA;SACANCHE;0;1;9;2684;0;2684;CON
1751;116;MARISCAL CACERES;JUANJUI;210401;JUANJUI;210204;SAN MARTIN;HUALLAGA;TINGO DE SAPOSOA;0;1;3;778;0;778;CON
1752;116;MARISCAL CACERES;JUANJUI;210401;JUANJUI;210205;SAN MARTIN;HUALLAGA;ALTO SAPOSOA;1;3;13;3739;0;3739;CON
1753;116;MARISCAL CACERES;JUANJUI;210401;JUANJUI;210206;SAN MARTIN;HUALLAGA;EL ESLABON;0;1;8;2348;0;2348;CON
1754;116;MARISCAL CACERES;JUANJUI;210401;JUANJUI;210401;SAN MARTIN;MARISCAL CACERES;JUANJUI;0;5;87;25922;0;25922;CON
1755;116;MARISCAL CACERES;JUANJUI;210401;JUANJUI;210402;SAN MARTIN;MARISCAL CACERES;CAMPANILLA;0;3;38;11107;0;11107;CON
1756;116;MARISCAL CACERES;JUANJUI;210401;JUANJUI;210403;SAN MARTIN;MARISCAL CACERES;HUICUNGO;0;4;25;7417;0;7417;CON
1757;116;MARISCAL CACERES;JUANJUI;210401;JUANJUI;210404;SAN MARTIN;MARISCAL CACERES;PACHIZA;0;2;19;5450;0;5450;CON
1758;116;MARISCAL CACERES;JUANJUI;210401;JUANJUI;210405;SAN MARTIN;MARISCAL CACERES;PAJARILLO;1;3;19;5391;0;5391;CON
1759;116;MARISCAL CACERES;JUANJUI;210401;JUANJUI;210701;SAN MARTIN;BELLAVISTA;BELLAVISTA;1;6;48;14115;0;14115;CON
1760;116;MARISCAL CACERES;JUANJUI;210401;JUANJUI;210702;SAN MARTIN;BELLAVISTA;SAN RAFAEL;0;1;17;4991;0;4991;CON
1761;116;MARISCAL CACERES;JUANJUI;210401;JUANJUI;210703;SAN MARTIN;BELLAVISTA;SAN PABLO;3;5;27;7484;0;7484;CON
1762;116;MARISCAL CACERES;JUANJUI;210401;JUANJUI;210704;SAN MARTIN;BELLAVISTA;ALTO BIAVO;3;6;32;9109;0;9109;CON
1763;116;MARISCAL CACERES;JUANJUI;210401;JUANJUI;210705;SAN MARTIN;BELLAVISTA;HUALLAGA;0;2;8;2243;0;2243;CON
1764;116;MARISCAL CACERES;JUANJUI;210401;JUANJUI;210706;SAN MARTIN;BELLAVISTA;BAJO BIAVO;5;9;42;11251;0;11251;CON
1765;116;MARISCAL CACERES;JUANJUI;210401;JUANJUI;210801;SAN MARTIN;TOCACHE;TOCACHE;1;8;89;26536;0;26536;CON
1766;116;MARISCAL CACERES;JUANJUI;210401;JUANJUI;210802;SAN MARTIN;TOCACHE;NUEVO PROGRESO;2;4;35;9880;0;9880;CON
1767;116;MARISCAL CACERES;JUANJUI;210401;JUANJUI;210803;SAN MARTIN;TOCACHE;POLVORA;3;5;35;9562;0;9562;CON
1768;116;MARISCAL CACERES;JUANJUI;210401;JUANJUI;210804;SAN MARTIN;TOCACHE;SHUNTE;0;1;10;2740;0;2740;CON
1769;116;MARISCAL CACERES;JUANJUI;210401;JUANJUI;210805;SAN MARTIN;TOCACHE;UCHIZA;2;7;50;14290;0;14290;CON
1770;116;MARISCAL CACERES;JUANJUI;210401;JUANJUI;210806;SAN MARTIN;TOCACHE;SANTA LUCIA;0;1;13;3794;0;3794;CON
1771;117;MOYOBAMBA;MOYOBAMBA;210101;MOYOBAMBA;210101;SAN MARTIN;MOYOBAMBA;MOYOBAMBA;8;21;225;65992;0;65992;CON
1772;117;MOYOBAMBA;MOYOBAMBA;210101;MOYOBAMBA;210102;SAN MARTIN;MOYOBAMBA;CALZADA;0;3;14;4083;0;4083;CON
1773;117;MOYOBAMBA;MOYOBAMBA;210101;MOYOBAMBA;210103;SAN MARTIN;MOYOBAMBA;HABANA;0;2;10;2778;0;2778;CON
1774;117;MOYOBAMBA;MOYOBAMBA;210101;MOYOBAMBA;210104;SAN MARTIN;MOYOBAMBA;JEPELACIO;5;7;50;13678;0;13678;CON
1775;117;MOYOBAMBA;MOYOBAMBA;210101;MOYOBAMBA;210105;SAN MARTIN;MOYOBAMBA;SORITOR;2;5;69;20228;0;20228;CON
1776;117;MOYOBAMBA;MOYOBAMBA;210101;MOYOBAMBA;210106;SAN MARTIN;MOYOBAMBA;YANTALO;0;1;12;3308;0;3308;CON
1777;117;MOYOBAMBA;MOYOBAMBA;210101;MOYOBAMBA;210301;SAN MARTIN;LAMAS;LAMAS;1;4;42;12333;0;12333;CON
1778;117;MOYOBAMBA;MOYOBAMBA;210101;MOYOBAMBA;210303;SAN MARTIN;LAMAS;BARRANQUITA;3;5;22;5957;0;5957;CON
1779;117;MOYOBAMBA;MOYOBAMBA;210101;MOYOBAMBA;210304;SAN MARTIN;LAMAS;CAYNARACHI;1;3;29;8576;0;8576;CON
1780;117;MOYOBAMBA;MOYOBAMBA;210101;MOYOBAMBA;210305;SAN MARTIN;LAMAS;CUÑUMBUQUI;2;4;16;4201;0;4201;CON
1781;117;MOYOBAMBA;MOYOBAMBA;210101;MOYOBAMBA;210306;SAN MARTIN;LAMAS;PINTO RECODO;4;5;25;7076;0;7076;CON
1782;117;MOYOBAMBA;MOYOBAMBA;210101;MOYOBAMBA;210307;SAN MARTIN;LAMAS;RUMISAPA;0;2;12;3454;0;3454;CON
1783;117;MOYOBAMBA;MOYOBAMBA;210101;MOYOBAMBA;210311;SAN MARTIN;LAMAS;SHANAO;0;1;10;2935;0;2935;CON
1784;117;MOYOBAMBA;MOYOBAMBA;210101;MOYOBAMBA;210313;SAN MARTIN;LAMAS;TABALOSOS;1;4;39;11391;0;11391;CON
1785;117;MOYOBAMBA;MOYOBAMBA;210101;MOYOBAMBA;210314;SAN MARTIN;LAMAS;ZAPATERO;1;3;18;5028;0;5028;CON
1786;117;MOYOBAMBA;MOYOBAMBA;210101;MOYOBAMBA;210315;SAN MARTIN;LAMAS;ALONSO DE ALVARADO;1;4;42;11999;0;11999;CON
1787;117;MOYOBAMBA;MOYOBAMBA;210101;MOYOBAMBA;210316;SAN MARTIN;LAMAS;SAN ROQUE DE CUMBAZA;0;1;6;1579;0;1579;CON
1788;117;MOYOBAMBA;MOYOBAMBA;210101;MOYOBAMBA;210501;SAN MARTIN;RIOJA;RIOJA;1;7;75;21821;0;21821;CON
1789;117;MOYOBAMBA;MOYOBAMBA;210101;MOYOBAMBA;210502;SAN MARTIN;RIOJA;POSIC;0;1;8;2323;0;2323;CON
1790;117;MOYOBAMBA;MOYOBAMBA;210101;MOYOBAMBA;210503;SAN MARTIN;RIOJA;YORONGOS;0;1;9;2631;0;2631;CON
1791;117;MOYOBAMBA;MOYOBAMBA;210101;MOYOBAMBA;210504;SAN MARTIN;RIOJA;YURACYACU;0;2;12;3429;0;3429;CON
1792;117;MOYOBAMBA;MOYOBAMBA;210101;MOYOBAMBA;210505;SAN MARTIN;RIOJA;NUEVA CAJAMARCA;1;13;129;38489;0;38489;CON
1793;117;MOYOBAMBA;MOYOBAMBA;210101;MOYOBAMBA;210506;SAN MARTIN;RIOJA;ELIAS SOPLIN VARGAS;0;3;57;17066;0;17066;CON
1794;117;MOYOBAMBA;MOYOBAMBA;210101;MOYOBAMBA;210507;SAN MARTIN;RIOJA;SAN FERNANDO;0;1;10;2784;0;2784;CON
1795;117;MOYOBAMBA;MOYOBAMBA;210101;MOYOBAMBA;210508;SAN MARTIN;RIOJA;PARDO MIGUEL;0;5;51;15053;0;15053;CON
1796;117;MOYOBAMBA;MOYOBAMBA;210101;MOYOBAMBA;210509;SAN MARTIN;RIOJA;AWAJUN;1;4;31;8946;0;8946;CON
1797;118;SAN MARTIN;TARAPOTO;210601;TARAPOTO;210601;SAN MARTIN;SAN MARTIN;TARAPOTO;1;23;222;66198;0;66198;CON
1798;118;SAN MARTIN;TARAPOTO;210601;TARAPOTO;210602;SAN MARTIN;SAN MARTIN;ALBERTO LEVEAU;0;1;5;1344;0;1344;CON
1799;118;SAN MARTIN;TARAPOTO;210601;TARAPOTO;210604;SAN MARTIN;SAN MARTIN;CACATACHI;0;2;13;3635;0;3635;CON
1800;118;SAN MARTIN;TARAPOTO;210601;TARAPOTO;210606;SAN MARTIN;SAN MARTIN;CHAZUTA;3;6;30;8439;0;8439;CON
1801;118;SAN MARTIN;TARAPOTO;210601;TARAPOTO;210607;SAN MARTIN;SAN MARTIN;CHIPURANA;1;2;8;2054;0;2054;CON
1802;118;SAN MARTIN;TARAPOTO;210601;TARAPOTO;210608;SAN MARTIN;SAN MARTIN;EL PORVENIR;0;2;10;2929;0;2929;CON
1803;118;SAN MARTIN;TARAPOTO;210601;TARAPOTO;210609;SAN MARTIN;SAN MARTIN;HUIMBAYOC;5;6;16;3991;0;3991;CON
1804;118;SAN MARTIN;TARAPOTO;210601;TARAPOTO;210610;SAN MARTIN;SAN MARTIN;JUAN GUERRA;0;2;13;3737;0;3737;CON
1805;118;SAN MARTIN;TARAPOTO;210601;TARAPOTO;210611;SAN MARTIN;SAN MARTIN;MORALES;0;4;89;26546;0;26546;CON
1806;118;SAN MARTIN;TARAPOTO;210601;TARAPOTO;210612;SAN MARTIN;SAN MARTIN;PAPAPLAYA;0;1;8;2266;0;2266;CON
1807;118;SAN MARTIN;TARAPOTO;210601;TARAPOTO;210616;SAN MARTIN;SAN MARTIN;SAN ANTONIO;0;1;7;1830;0;1830;CON
1808;118;SAN MARTIN;TARAPOTO;210601;TARAPOTO;210619;SAN MARTIN;SAN MARTIN;SAUCE;0;2;21;6021;0;6021;CON
1809;118;SAN MARTIN;TARAPOTO;210601;TARAPOTO;210620;SAN MARTIN;SAN MARTIN;SHAPAJA;0;2;8;2203;0;2203;CON
1810;118;SAN MARTIN;TARAPOTO;210601;TARAPOTO;210621;SAN MARTIN;SAN MARTIN;LA BANDA DE SHILCAYO;2;12;122;36251;0;36251;CON
1811;118;SAN MARTIN;TARAPOTO;210601;TARAPOTO;210901;SAN MARTIN;PICOTA;PICOTA;0;2;27;8075;0;8075;CON
1812;118;SAN MARTIN;TARAPOTO;210601;TARAPOTO;210902;SAN MARTIN;PICOTA;BUENOS AIRES;1;3;12;3321;0;3321;CON
1813;118;SAN MARTIN;TARAPOTO;210601;TARAPOTO;210903;SAN MARTIN;PICOTA;CASPISAPA;0;1;7;1966;0;1966;CON
1814;118;SAN MARTIN;TARAPOTO;210601;TARAPOTO;210904;SAN MARTIN;PICOTA;PILLUANA;0;1;4;1027;0;1027;CON
1815;118;SAN MARTIN;TARAPOTO;210601;TARAPOTO;210905;SAN MARTIN;PICOTA;PUCACACA;0;2;12;3321;0;3321;CON
1816;118;SAN MARTIN;TARAPOTO;210601;TARAPOTO;210906;SAN MARTIN;PICOTA;SAN CRISTOBAL;0;1;5;1215;0;1215;CON
1817;118;SAN MARTIN;TARAPOTO;210601;TARAPOTO;210907;SAN MARTIN;PICOTA;SAN HILARION;0;1;12;3347;0;3347;CON
1818;118;SAN MARTIN;TARAPOTO;210601;TARAPOTO;210908;SAN MARTIN;PICOTA;TINGO DE PONASA;0;1;14;4091;0;4091;CON
1819;118;SAN MARTIN;TARAPOTO;210601;TARAPOTO;210909;SAN MARTIN;PICOTA;TRES UNIDOS;0;2;14;3927;0;3927;CON
1820;118;SAN MARTIN;TARAPOTO;210601;TARAPOTO;210910;SAN MARTIN;PICOTA;SHAMBOYACU;0;4;24;7154;0;7154;CON
1821;118;SAN MARTIN;TARAPOTO;210601;TARAPOTO;211001;SAN MARTIN;EL DORADO;SAN JOSE DE SISA;3;7;44;12549;0;12549;CON
1822;118;SAN MARTIN;TARAPOTO;210601;TARAPOTO;211002;SAN MARTIN;EL DORADO;AGUA BLANCA;0;1;8;2388;0;2388;CON
1823;118;SAN MARTIN;TARAPOTO;210601;TARAPOTO;211003;SAN MARTIN;EL DORADO;SHATOJA;0;2;9;2595;0;2595;CON
1824;118;SAN MARTIN;TARAPOTO;210601;TARAPOTO;211004;SAN MARTIN;EL DORADO;SAN MARTIN;3;5;32;9056;0;9056;CON
1825;118;SAN MARTIN;TARAPOTO;210601;TARAPOTO;211005;SAN MARTIN;EL DORADO;SANTA ROSA;3;4;22;6219;0;6219;CON
1826;119;TACNA;CORONEL GREGORIO ALBARRACIN LANCHIPA;220113;CORONEL GREGORIO ALBARRACIN LANCHIPA;220101;TACNA;TACNA;TACNA;0;35;318;95223;0;95223;CON
1827;119;TACNA;CORONEL GREGORIO ALBARRACIN LANCHIPA;220113;CORONEL GREGORIO ALBARRACIN LANCHIPA;220102;TACNA;TACNA;CALANA;0;2;16;4587;0;4587;CON
1828;119;TACNA;CORONEL GREGORIO ALBARRACIN LANCHIPA;220113;CORONEL GREGORIO ALBARRACIN LANCHIPA;220104;TACNA;TACNA;INCLAN;0;1;9;2518;0;2518;CON
1829;119;TACNA;CORONEL GREGORIO ALBARRACIN LANCHIPA;220113;CORONEL GREGORIO ALBARRACIN LANCHIPA;220107;TACNA;TACNA;PACHIA;1;2;10;2658;0;2658;CON
1830;119;TACNA;CORONEL GREGORIO ALBARRACIN LANCHIPA;220113;CORONEL GREGORIO ALBARRACIN LANCHIPA;220108;TACNA;TACNA;PALCA;3;4;7;1765;0;1765;CON
1831;119;TACNA;CORONEL GREGORIO ALBARRACIN LANCHIPA;220113;CORONEL GREGORIO ALBARRACIN LANCHIPA;220109;TACNA;TACNA;POCOLLAY;0;6;63;18620;0;18620;CON
1832;119;TACNA;CORONEL GREGORIO ALBARRACIN LANCHIPA;220113;CORONEL GREGORIO ALBARRACIN LANCHIPA;220110;TACNA;TACNA;SAMA;1;2;12;3212;0;3212;CON
1833;119;TACNA;CORONEL GREGORIO ALBARRACIN LANCHIPA;220113;CORONEL GREGORIO ALBARRACIN LANCHIPA;220111;TACNA;TACNA;ALTO DE LA ALIANZA;0;11;94;27821;0;27821;CON
1834;119;TACNA;CORONEL GREGORIO ALBARRACIN LANCHIPA;220113;CORONEL GREGORIO ALBARRACIN LANCHIPA;220112;TACNA;TACNA;CIUDAD NUEVA;0;8;95;28269;0;28269;CON
1835;119;TACNA;CORONEL GREGORIO ALBARRACIN LANCHIPA;220113;CORONEL GREGORIO ALBARRACIN LANCHIPA;220113;TACNA;TACNA;CORONEL GREGORIO ALBARRACIN LANCHIPA;0;23;290;86716;0;86716;CON
1836;119;TACNA;CORONEL GREGORIO ALBARRACIN LANCHIPA;220113;CORONEL GREGORIO ALBARRACIN LANCHIPA;220114;TACNA;TACNA;LA YARADA LOS PALOS;1;3;28;8382;0;8382;CON
1837;119;TACNA;CORONEL GREGORIO ALBARRACIN LANCHIPA;220113;CORONEL GREGORIO ALBARRACIN LANCHIPA;220201;TACNA;TARATA;TARATA;1;3;10;2622;0;2622;CON
1838;119;TACNA;CORONEL GREGORIO ALBARRACIN LANCHIPA;220113;CORONEL GREGORIO ALBARRACIN LANCHIPA;220205;TACNA;TARATA;HEROES ALBARRACIN;0;1;3;842;0;842;CON
1839;119;TACNA;CORONEL GREGORIO ALBARRACIN LANCHIPA;220113;CORONEL GREGORIO ALBARRACIN LANCHIPA;220206;TACNA;TARATA;ESTIQUE;0;1;2;567;0;567;CON
1840;119;TACNA;CORONEL GREGORIO ALBARRACIN LANCHIPA;220113;CORONEL GREGORIO ALBARRACIN LANCHIPA;220207;TACNA;TARATA;ESTIQUE PAMPA;0;1;2;526;0;526;CON
1841;119;TACNA;CORONEL GREGORIO ALBARRACIN LANCHIPA;220113;CORONEL GREGORIO ALBARRACIN LANCHIPA;220210;TACNA;TARATA;SITAJARA;0;1;2;578;0;578;CON
1842;119;TACNA;CORONEL GREGORIO ALBARRACIN LANCHIPA;220113;CORONEL GREGORIO ALBARRACIN LANCHIPA;220211;TACNA;TARATA;SUSAPAYA;0;1;3;624;0;624;CON
1843;119;TACNA;CORONEL GREGORIO ALBARRACIN LANCHIPA;220113;CORONEL GREGORIO ALBARRACIN LANCHIPA;220212;TACNA;TARATA;TARUCACHI;0;1;3;873;0;873;CON
1844;119;TACNA;CORONEL GREGORIO ALBARRACIN LANCHIPA;220113;CORONEL GREGORIO ALBARRACIN LANCHIPA;220213;TACNA;TARATA;TICACO;0;1;3;845;0;845;CON
1845;119;TACNA;CORONEL GREGORIO ALBARRACIN LANCHIPA;220113;CORONEL GREGORIO ALBARRACIN LANCHIPA;220301;TACNA;JORGE BASADRE;LOCUMBA;1;3;10;2683;0;2683;CON
1846;119;TACNA;CORONEL GREGORIO ALBARRACIN LANCHIPA;220113;CORONEL GREGORIO ALBARRACIN LANCHIPA;220302;TACNA;JORGE BASADRE;ITE;0;2;12;3408;0;3408;CON
1847;119;TACNA;CORONEL GREGORIO ALBARRACIN LANCHIPA;220113;CORONEL GREGORIO ALBARRACIN LANCHIPA;220303;TACNA;JORGE BASADRE;ILABAYA;2;4;18;4703;0;4703;CON
1848;119;TACNA;CORONEL GREGORIO ALBARRACIN LANCHIPA;220113;CORONEL GREGORIO ALBARRACIN LANCHIPA;220401;TACNA;CANDARAVE;CANDARAVE;0;1;7;2062;0;2062;CON
1849;119;TACNA;CORONEL GREGORIO ALBARRACIN LANCHIPA;220113;CORONEL GREGORIO ALBARRACIN LANCHIPA;220402;TACNA;CANDARAVE;CAIRANI;0;1;4;1034;0;1034;CON
1850;119;TACNA;CORONEL GREGORIO ALBARRACIN LANCHIPA;220113;CORONEL GREGORIO ALBARRACIN LANCHIPA;220403;TACNA;CANDARAVE;CURIBAYA;0;1;2;395;0;395;CON
1851;119;TACNA;CORONEL GREGORIO ALBARRACIN LANCHIPA;220113;CORONEL GREGORIO ALBARRACIN LANCHIPA;220404;TACNA;CANDARAVE;HUANUARA;0;1;3;851;0;851;CON
1852;119;TACNA;CORONEL GREGORIO ALBARRACIN LANCHIPA;220113;CORONEL GREGORIO ALBARRACIN LANCHIPA;220405;TACNA;CANDARAVE;QUILAHUANI;0;1;3;881;0;881;CON
1853;119;TACNA;CORONEL GREGORIO ALBARRACIN LANCHIPA;220113;CORONEL GREGORIO ALBARRACIN LANCHIPA;220406;TACNA;CANDARAVE;CAMILACA;0;2;5;1383;0;1383;CON
1854;120;TUMBES;TUMBES;230101;TUMBES;230101;TUMBES;TUMBES;TUMBES;1;22;274;81877;2;81879;CON
1855;120;TUMBES;TUMBES;230101;TUMBES;230102;TUMBES;TUMBES;CORRALES;0;5;63;18525;1;18526;CON
1856;120;TUMBES;TUMBES;230101;TUMBES;230103;TUMBES;TUMBES;LA CRUZ;0;2;25;7371;0;7371;CON
1857;120;TUMBES;TUMBES;230101;TUMBES;230104;TUMBES;TUMBES;PAMPAS DE HOSPITAL;0;2;21;6180;0;6180;CON
1858;120;TUMBES;TUMBES;230101;TUMBES;230105;TUMBES;TUMBES;SAN JACINTO;0;4;27;7643;0;7643;CON
1859;120;TUMBES;TUMBES;230101;TUMBES;230106;TUMBES;TUMBES;SAN JUAN DE LA VIRGEN;0;3;15;4206;0;4206;CON
1860;120;TUMBES;TUMBES;230101;TUMBES;230201;TUMBES;CONTRALMIRANTE VILLAR;ZORRITOS;0;2;33;9439;0;9439;CON
1861;120;TUMBES;TUMBES;230101;TUMBES;230202;TUMBES;CONTRALMIRANTE VILLAR;CASITAS;0;2;11;2989;0;2989;CON
1862;120;TUMBES;TUMBES;230101;TUMBES;230203;TUMBES;CONTRALMIRANTE VILLAR;CANOAS DE PUNTA SAL;0;2;17;4804;0;4804;CON
1863;120;TUMBES;TUMBES;230101;TUMBES;230301;TUMBES;ZARUMILLA;ZARUMILLA;0;4;56;16521;0;16521;CON
1864;120;TUMBES;TUMBES;230101;TUMBES;230302;TUMBES;ZARUMILLA;MATAPALO;0;2;12;3370;0;3370;CON
1865;120;TUMBES;TUMBES;230101;TUMBES;230303;TUMBES;ZARUMILLA;PAPAYAL;0;3;19;5532;0;5532;CON
1866;120;TUMBES;TUMBES;230101;TUMBES;230304;TUMBES;ZARUMILLA;AGUAS VERDES;0;4;48;14296;0;14296;CON
1867;121;BELLAVISTA;BELLAVISTA;240102;BELLAVISTA;240102;CALLAO;CALLAO;BELLAVISTA;0;13;239;71531;0;71531;CON
1868;121;BELLAVISTA;BELLAVISTA;240102;BELLAVISTA;240104;CALLAO;CALLAO;CARMEN DE LA LEGUA - REYNOSO;0;13;144;43047;0;43047;CON
1869;121;BELLAVISTA;BELLAVISTA;240102;BELLAVISTA;240105;CALLAO;CALLAO;LA PERLA;0;13;193;57344;1;57345;CON
1870;122;CALLAO;CALLAO;240101;CALLAO;240101;CALLAO;CALLAO;CALLAO;0;109;1329;395931;1;395932;CON
1871;122;CALLAO;CALLAO;240101;CALLAO;240103;CALLAO;CALLAO;LA PUNTA;0;5;22;6227;0;6227;CON
1872;123;VENTANILLA;VENTANILLA;240106;VENTANILLA;240106;CALLAO;CALLAO;VENTANILLA;0;63;858;257187;0;257187;CON
1873;123;VENTANILLA;VENTANILLA;240106;VENTANILLA;240107;CALLAO;CALLAO;MI PERU;0;8;115;34383;0;34383;CON
1874;124;ATALAYA;RAIMONDI;250301;RAIMONDI;250301;UCAYALI;ATALAYA;RAIMONDI;9;15;110;31641;0;31641;CON
1875;124;ATALAYA;RAIMONDI;250301;RAIMONDI;250302;UCAYALI;ATALAYA;TAHUANIA;4;7;33;9245;0;9245;CON
1876;124;ATALAYA;RAIMONDI;250301;RAIMONDI;250303;UCAYALI;ATALAYA;YURUA;1;2;7;1710;0;1710;CON
1877;124;ATALAYA;RAIMONDI;250301;RAIMONDI;250304;UCAYALI;ATALAYA;SEPAHUA;1;3;23;6573;0;6573;CON
1878;125;CORONEL PORTILLO;CALLERIA;250101;CALLERIA;250101;UCAYALI;CORONEL PORTILLO;CALLERIA;1;31;470;140844;0;140844;CON
1879;125;CORONEL PORTILLO;CALLERIA;250101;CALLERIA;250102;UCAYALI;CORONEL PORTILLO;YARINACOCHA;1;22;284;84921;0;84921;CON
1880;125;CORONEL PORTILLO;CALLERIA;250101;CALLERIA;250103;UCAYALI;CORONEL PORTILLO;MASISEA;10;17;46;12317;0;12317;CON
1881;125;CORONEL PORTILLO;CALLERIA;250101;CALLERIA;250104;UCAYALI;CORONEL PORTILLO;CAMPOVERDE;0;6;55;16431;0;16431;CON
1882;125;CORONEL PORTILLO;CALLERIA;250101;CALLERIA;250105;UCAYALI;CORONEL PORTILLO;IPARIA;8;13;42;11430;0;11430;CON
1883;125;CORONEL PORTILLO;CALLERIA;250101;CALLERIA;250106;UCAYALI;CORONEL PORTILLO;NUEVA REQUENA;1;4;25;6977;0;6977;CON
1884;125;CORONEL PORTILLO;CALLERIA;250101;CALLERIA;250107;UCAYALI;CORONEL PORTILLO;MANANTAY;0;14;235;70288;0;70288;CON
1885;125;CORONEL PORTILLO;CALLERIA;250101;CALLERIA;250201;UCAYALI;PADRE ABAD;PADRE ABAD;2;7;75;22041;0;22041;CON
1886;125;CORONEL PORTILLO;CALLERIA;250101;CALLERIA;250202;UCAYALI;PADRE ABAD;IRAZOLA;0;2;41;11869;0;11869;CON
1887;125;CORONEL PORTILLO;CALLERIA;250101;CALLERIA;250203;UCAYALI;PADRE ABAD;CURIMANA;0;3;34;10173;0;10173;CON
1888;125;CORONEL PORTILLO;CALLERIA;250101;CALLERIA;250204;UCAYALI;PADRE ABAD;NESHUYA;2;4;28;7899;0;7899;CON
1889;125;CORONEL PORTILLO;CALLERIA;250101;CALLERIA;250205;UCAYALI;PADRE ABAD;ALEXANDER VON HUMBOLDT;0;1;17;4882;0;4882;CON
1890;125;CORONEL PORTILLO;CALLERIA;250101;CALLERIA;250206;UCAYALI;PADRE ABAD;BOQUERON;1;2;12;3261;0;3261;CON
1891;125;CORONEL PORTILLO;CALLERIA;250101;CALLERIA;250207;UCAYALI;PADRE ABAD;HUIPOCA;0;1;13;3838;0;3838;CON
1892;125;CORONEL PORTILLO;CALLERIA;250101;CALLERIA;250401;UCAYALI;PURUS;PURUS;0;3;12;3486;0;3486;CON
